,pH_H2O,pH_CaCl2,EC,OC,CaCO3,P,N,K,monthly_precipitation,monthly_air_temperature,betadispersion,alpha_div,centroid_x,centroid_y,convex_hull_area,mean_pairwise_distance,Environment
F_9_Null.edgelist,,,,,,,,,,,,,,,,,Null
F_35_Null.edgelist,,,,,,,,,,,,,,,,,Null
F_38_Null.edgelist,,,,,,,,,,,,,,,,,Null
F_8_Null.edgelist,,,,,,,,,,,,,,,,,Null
F_7_Null.edgelist,,,,,,,,,,,,,,,,,Null
F_31_Null.edgelist,,,,,,,,,,,,,,,,,Null
F_36_Null.edgelist,,,,,,,,,,,,,,,,,Null
F_37_Null.edgelist,,,,,,,,,,,,,,,,,Null
F_27_Null.edgelist,,,,,,,,,,,,,,,,,Null
F_34_Null.edgelist,,,,,,,,,,,,,,,,,Null
F_44_Null.edgelist,,,,,,,,,,,,,,,,,Null
F_47_Null.edgelist,,,,,,,,,,,,,,,,,Null
F_20_Null.edgelist,,,,,,,,,,,,,,,,,Null
F_6_Null.edgelist,,,,,,,,,,,,,,,,,Null
F_3_Null.edgelist,,,,,,,,,,,,,,,,,Null
F_10_Null.edgelist,,,,,,,,,,,,,,,,,Null
F_48_Null.edgelist,,,,,,,,,,,,,,,,,Null
F_32_Null.edgelist,,,,,,,,,,,,,,,,,Null
F_49_Null.edgelist,,,,,,,,,,,,,,,,,Null
F_26_Null.edgelist,,,,,,,,,,,,,,,,,Null
F_11_Null.edgelist,,,,,,,,,,,,,,,,,Null
F_13_Null.edgelist,,,,,,,,,,,,,,,,,Null
F_2_Null.edgelist,,,,,,,,,,,,,,,,,Null
F_19_Null.edgelist,,,,,,,,,,,,,,,,,Null
F_42_Null.edgelist,,,,,,,,,,,,,,,,,Null
F_17_Null.edgelist,,,,,,,,,,,,,,,,,Null
F_39_Null.edgelist,,,,,,,,,,,,,,,,,Null
F_45_Null.edgelist,,,,,,,,,,,,,,,,,Null
F_46_Null.edgelist,,,,,,,,,,,,,,,,,Null
F_14_Null.edgelist,,,,,,,,,,,,,,,,,Null
F_28_Null.edgelist,,,,,,,,,,,,,,,,,Null
F_1_Null.edgelist,,,,,,,,,,,,,,,,,Null
F_0_Null.edgelist,,,,,,,,,,,,,,,,,Null
F_4_Null.edgelist,,,,,,,,,,,,,,,,,Null
F_30_Null.edgelist,,,,,,,,,,,,,,,,,Null
F_18_Null.edgelist,,,,,,,,,,,,,,,,,Null
F_33_Null.edgelist,,,,,,,,,,,,,,,,,Null
F_16_Null.edgelist,,,,,,,,,,,,,,,,,Null
F_29_Null.edgelist,,,,,,,,,,,,,,,,,Null
F_40_Null.edgelist,,,,,,,,,,,,,,,,,Null
F_43_Null.edgelist,,,,,,,,,,,,,,,,,Null
F_41_Null.edgelist,,,,,,,,,,,,,,,,,Null
F_12_Null.edgelist,,,,,,,,,,,,,,,,,Null
F_23_Null.edgelist,,,,,,,,,,,,,,,,,Null
F_5_Null.edgelist,,,,,,,,,,,,,,,,,Null
F_22_Null.edgelist,,,,,,,,,,,,,,,,,Null
F_15_Null.edgelist,,,,,,,,,,,,,,,,,Null
F_21_Null.edgelist,,,,,,,,,,,,,,,,,Null
F_25_Null.edgelist,,,,,,,,,,,,,,,,,Null
F_24_Null.edgelist,,,,,,,,,,,,,,,,,Null
F_9_Woodland.edgelist,5.187200000000001,4.584,12.3904,71.152,21.28,21.044,3.8819999999999997,147.588,63.4,14.870000000000003,0.6871307920301808,2.5633002970525336,1385288.1393972011,6889592.831928394,13891211979394.703,2646896.0330723035,Woodland
F_8_Grassland.edgelist,6.215200000000001,5.7139999999999995,19.2596,31.986000000000004,36.1,23.096,3.0239999999999996,246.19799999999998,71.0,14.815999999999999,0.6687700809184688,3.2121937412664687,1179120.791821093,5868026.141333347,11666940330365.137,1959167.195579494,Grassland
F_6_Woodland.edgelist,4.999199999999999,4.444,13.5998,58.02799999999999,2.78,19.246000000000002,3.3760000000000003,118.02000000000002,68.8,14.474000000953675,0.6834377074518737,2.8613818415150614,1337025.1879163135,6956007.227542686,13806134993139.236,2450046.753653353,Woodland
F_6_Grassland.edgelist,6.3252,5.837999999999999,19.471199999999996,39.476,38.8,23.855999999999995,3.66,194.546,71.52,14.477,0.6647924139075303,3.3452694087457293,984275.3095875834,6059231.265658273,11984346384824.72,1870543.994101253,Grassland
F_5_Grassland.edgelist,6.2642,5.753999999999999,16.6614,37.866,40.82,25.642,3.5399999999999996,203.56400000000002,66.28,14.353,0.661193913728575,3.4006143574748,922055.4442395468,5898706.186911268,12882520116640.38,2024788.6203462093,Grassland
F_7_Grassland.edgelist,6.472199999999999,5.966,18.0738,42.606,62.52,23.706,3.6959999999999997,219.36599999999999,61.24,14.235,0.6653336318076158,3.3376043829733493,990494.2450935908,6073360.505978774,11864738982690.725,2060425.799127387,Grassland
F_38_Grassland.edgelist,6.2125,5.715,16.989199999999997,36.131,19.6,24.0,3.443,173.795,73.22,14.775,0.6600595936758127,3.3517565875679933,1085440.8801668196,6028759.751902224,12205140015272.557,1887120.443059268,Grassland
F_38_Woodland.edgelist,5.3596,4.798,12.824799999999998,48.816,22.62,20.031999999999996,2.9560000000000004,113.866,61.58,14.748,0.6833440049890228,2.813486145826433,1368854.259688175,6932663.623137707,12493022345839.531,2635678.3031422645,Woodland
F_49_Woodland.edgelist,5.260599999999999,4.718000000000001,11.379100000000001,51.097,26.46,17.972,2.9130000000000003,120.449,69.48,15.256000000000002,0.6842589410016354,2.7536423859380688,1361719.322543827,6816787.056925328,14759998268575.115,2577273.468845333,Woodland
F_37_Woodland.edgelist,5.083,4.488,9.9291,49.729,14.86,20.704,2.897,120.07699999999998,65.32,13.574000000000002,0.6844461228567889,2.8185585086088967,1639001.303749502,7084208.541990927,14095604588153.488,2655932.356267232,Woodland
F_49_Grassland.edgelist,6.465999999999999,5.96,22.845000000000006,37.2,34.86,26.140000000000004,3.3739999999999997,272.754,65.54,15.261,0.6664859805838772,3.2074698207137065,857857.201859061,5724912.898551165,12132306861386.447,2020263.6708466727,Grassland
F_4_Grassland.edgelist,6.365,5.8660000000000005,18.271,34.912000000000006,28.22,22.833999999999996,3.2879999999999994,251.95600000000002,70.34,15.465,0.6650060214222066,3.3570808028727215,1301168.0210736375,5877165.523879116,8036516823158.557,1655047.7252120948,Grassland
F_48_Grassland.edgelist,6.3466,5.8260000000000005,20.639,32.994,24.42,25.311999999999998,3.0959999999999996,255.69200000000004,70.04,15.574000000000002,0.6699631001140051,3.1682598902917056,1155853.326707787,5942142.004925915,10733220896271.385,1925683.0734078388,Grassland
F_35_Woodland.edgelist,5.2374,4.66,12.628999999999998,52.512,7.86,19.596,3.094,110.478,59.86,14.892999999999999,0.684562974121757,2.8652602987774083,1262287.1232046518,6740326.8795469375,13336491403654.93,2424446.043149839,Woodland
F_36_Grassland.edgelist,6.3225,5.825,20.8876,33.227,37.22,22.824,3.1729999999999996,270.853,69.82,14.642000000000001,0.668982092802485,3.3464147953253987,856095.4110958645,5758627.260900345,10756407165241.744,1741804.613204026,Grassland
F_39_Grassland.edgelist,6.477500000000001,5.967,18.963399999999996,41.09299999999999,51.14,19.198,3.569,208.825,66.68,15.06,0.6650373368997435,3.2170250763463137,1036935.3940660148,6038026.147851381,13453574904100.549,2154194.1917697354,Grassland
F_37_Grassland.edgelist,6.442800000000001,5.926,20.815399999999997,32.588,52.38,22.648000000000003,3.04,258.27,63.62,15.875,0.6708196959646615,3.3014797659531467,851269.1755985474,5682702.490636774,11841743882154.035,1872160.0420701052,Grassland
F_37_Cropland.edgelist,7.2784,6.755999999999999,19.356599999999997,17.805999999999997,124.66,41.782,1.7659999999999996,278.48600000000005,47.5,17.484,0.6464213218481332,3.462295282974718,653691.8049252181,5869587.69060069,10561613943088.096,1952993.454991608,Cropland
F_35_Grassland.edgelist,6.2622,5.784,21.5732,38.21,49.56,26.544000000000004,3.3139999999999996,219.84400000000002,64.56,15.487,0.6666496841645333,3.154573933054969,1046945.8959632568,6060873.986328009,12798779821359.805,2191004.915755354,Grassland
F_38_Cropland.edgelist,6.849000000000001,6.322,16.6508,17.145999999999997,92.38,37.69,1.6820000000000004,241.71,45.62,16.647,0.6495283122709233,3.3946414681025887,825698.0782476715,6046786.06147862,14581852505343.99,2083986.6988980595,Cropland
F_7_Woodland.edgelist,5.215599999999999,4.63,13.5358,61.174,27.64,22.764,3.5260000000000002,105.652,61.68,14.728,0.6828360846504006,2.8386016296837453,1392589.085839884,7161054.900343939,13384370749497.32,2677284.0454417598,Woodland
F_8_Woodland.edgelist,5.0336,4.412,9.8513,60.891000000000005,11.92,21.984,3.1949999999999994,115.169,63.64,14.4,0.6819358401293039,2.851488333324716,1689699.9809145462,7216099.416716907,14626085913342.729,2735724.21919544,Woodland
F_5_Woodland.edgelist,5.185,4.584,9.724499999999999,59.013000000000005,21.12,19.212,3.219,130.959,58.18,15.560000000953673,0.6852245729789592,2.8890061031277874,1447378.5609296253,7030026.726007686,14229084958256.672,2781739.0895935334,Woodland
F_39_Woodland.edgelist,5.1638,4.578,11.868799999999998,59.952000000000005,16.62,21.166000000000004,3.2880000000000003,111.088,67.0,13.931999999999999,0.6838673866839348,2.926925626680025,1442149.943250473,6998919.989239161,13415709173976.746,2529956.388785052,Woodland
F_34_Grassland.edgelist,6.429999999999999,5.9479999999999995,19.219199999999997,43.82999999999999,47.36,22.219999999999995,3.9360000000000004,220.446,68.5,14.799,0.6688998935564322,3.2012858708877165,1057027.1983279118,5794302.365285208,12012673426318.75,1875041.749831376,Grassland
F_36_Cropland.edgelist,6.969000000000001,6.398,16.6646,15.686,89.3,35.958,1.6000000000000003,252.59399999999997,49.8,17.212,0.6438632286913161,3.423831970775274,1249733.854385394,6166730.499882281,10125909452386.484,2068314.248412358,Cropland
F_34_Woodland.edgelist,5.0682,4.47,10.035000000000002,59.355999999999995,3.24,23.36,3.2420000000000004,108.156,64.58,14.053000000953674,0.6830735941197813,2.8602693303075517,1749038.6851271165,7332840.886636028,14224304240322.523,2793329.838425965,Woodland
F_47_Cropland.edgelist,7.167600000000001,6.615999999999999,15.8792,19.432000000000002,67.98,36.724,1.8499999999999996,256.69800000000004,47.48,17.968,0.6434709291416639,3.4224555568659296,1231804.8779372352,5952208.542043801,12943208275536.607,2137947.5692500384,Cropland
F_33_Woodland.edgelist,5.328400000000001,4.752,12.246000000000002,58.513999999999996,25.02,18.328,3.2340000000000004,122.642,54.52,14.817000000953671,0.6857485499648915,2.7503871541703178,1213201.8409507505,6733988.862203324,13942757085926.195,2753824.5187965725,Woodland
F_47_Grassland.edgelist,6.259599999999999,5.78,20.6558,32.178,39.74,21.518,3.128,242.75400000000005,71.66,15.120999999999999,0.6658455736155985,3.252841678193056,1070803.825152346,5775344.6544091925,12342896815796.557,1997233.125743618,Grassland
F_3_Cropland.edgelist,7.051799999999999,6.49,17.980400000000003,20.402,105.52,37.028,2.036,211.64799999999997,50.02,17.072,0.6422309294667773,3.470337580127841,1095912.3827609448,5862188.917650957,10879632991470.934,2030259.2151039464,Cropland
F_34_Cropland.edgelist,7.1502,6.606,18.078999999999997,22.640000000000004,130.34,37.33,2.164,236.52000000000004,52.38,16.499000000000002,0.6428126899880052,3.504610264769485,1115463.9539793,6164526.452850556,10661056367532.48,2099699.227520421,Cropland
F_7_Cropland.edgelist,7.0752,6.52,15.475700000000002,16.898,94.08,37.724999999999994,1.7000000000000002,251.892,47.1,17.1,0.6447370819927752,3.549748263056178,763190.0903700781,5908101.968799239,11616109615657.438,1996347.397038072,Cropland
F_40_Grassland.edgelist,6.264000000000001,5.789999999999999,21.52,42.09400000000001,31.24,27.618,3.8179999999999996,248.51600000000002,68.96,14.689,0.6619973068035102,3.295042866470743,912865.656037188,5948454.6972841,12102523323520.893,1865923.930013602,Grassland
F_31_Woodland.edgelist,5.215799999999999,4.644,11.300899999999999,52.339000000000006,31.02,19.688000000000002,3.133,122.36900000000001,62.44,15.68,0.6841645966435892,2.8649660227588694,1245295.7855019202,6829074.458574653,11771305559436.082,2679167.751021571,Woodland
F_31_Grassland.edgelist,6.2817,5.792999999999999,21.269000000000002,39.527,44.8,23.636000000000003,3.719,171.41499999999996,71.28,14.444,0.6649283532835857,3.1821198068880245,789462.4035380906,5858519.621000756,10345614662536.393,1762523.1814133103,Grassland
F_4_Woodland.edgelist,5.0935999999999995,4.553999999999999,11.073,51.43200000000001,12.86,17.592,3.032,108.49599999999998,67.64,15.034,0.6848603110296141,2.878865701033436,1374153.717974322,6729178.787657063,13025717967856.36,2497864.067150376,Woodland
F_45_Cropland.edgelist,7.0078000000000005,6.44,17.0056,20.872000000000003,84.76,37.066,1.7819999999999998,229.0,47.84,17.066,0.6451253460161306,3.4114216864203644,959169.659848912,6126037.8748908695,13463255236095.195,2176468.61876734,Cropland
F_32_Woodland.edgelist,4.9902,4.406000000000001,10.312000000000001,50.251999999999995,7.26,22.78,2.8819999999999997,97.028,70.02,14.197000000000003,0.6836410847962137,2.816713573137175,1344894.354714393,7051985.7064394485,13544246378362.398,2568699.418390389,Woodland
F_47_Woodland.edgelist,4.9552000000000005,4.358,12.655600000000002,66.084,22.92,22.052000000000003,3.66,123.90799999999999,69.32,13.597000000000001,0.6837205660986476,2.864216813462545,1401878.156772456,7077758.270490668,14101699001931.312,2501953.701002803,Woodland
F_48_Woodland.edgelist,4.9526,4.324,10.321499999999999,61.36900000000001,16.62,20.438,3.0810000000000004,86.04899999999999,71.9,14.342000000953677,0.680188098878807,2.7948070741829167,1537327.0240810649,7332924.940050781,12382443320541.092,2411236.477516245,Woodland
F_43_Woodland.edgelist,4.9538,4.348,9.676000000000002,64.41799999999999,20.96,21.628,3.3040000000000003,111.94200000000001,65.26,14.677000000953676,0.6822723351175155,2.797375001528619,1319118.4780157174,7191260.417591177,11058736736933.355,2572569.383870017,Woodland
F_45_Woodland.edgelist,5.116,4.516,10.458599999999999,59.885999999999996,11.98,19.948,3.3799999999999994,107.47599999999998,67.44,12.810000000000002,0.6837348048343711,2.8082502870304937,1583086.8605156532,7426748.80681382,13184666753522.314,2602997.6880533383,Woodland
F_33_Cropland.edgelist,6.939400000000001,6.432000000000001,21.3472,21.302000000000003,93.0,42.816,1.9039999999999997,217.142,49.44,17.412,0.6415209478241459,3.425966556343896,921526.3781506112,6115743.27933738,13385972059733.2,2155621.563825469,Cropland
F_41_Grassland.edgelist,6.3027,5.791,22.246599999999997,34.635,54.0,22.913999999999998,3.2150000000000007,194.961,67.94,15.023,0.6715854570908788,3.130162865661161,725271.7836439646,5767552.714311916,13021576735998.594,1921118.220435953,Grassland
F_28_Grassland.edgelist,6.2747,5.759000000000001,16.768,33.347,51.84,25.293999999999997,3.2089999999999996,188.393,65.84,14.086000000000002,0.6620166066994395,3.317901236605228,849531.9025902967,5896915.259338141,10520751894670.51,1919280.770463404,Grassland
F_42_Grassland.edgelist,6.349600000000001,5.8420000000000005,21.4166,41.262,47.7,25.502,3.77,215.528,70.0,14.544,0.6639047262123056,3.140960572296068,823295.5455421131,5910144.96834921,11225035162172.158,1849895.2481945583,Grassland
F_3_Grassland.edgelist,6.143,5.617999999999999,20.1186,35.251999999999995,19.82,27.11,3.238,226.89000000000004,67.0,15.352,0.6720540197943785,3.2217741596390335,997273.2413743552,5700490.8647773685,8448903789378.144,1924358.159112497,Grassland
F_33_Grassland.edgelist,6.2917,5.779000000000001,21.300599999999996,36.779,49.04,28.546000000000003,3.3369999999999997,282.955,62.42,15.901,0.6698377905842741,3.252242817011393,795024.1235024759,5690516.981982622,11903583279117.93,1951698.8858246745,Grassland
F_36_Woodland.edgelist,5.3448,4.8,12.419599999999997,53.461999999999996,13.24,19.3,3.2799999999999994,111.16599999999998,63.32,14.854,0.6860699527677919,2.7993296297709724,1418861.5452238207,7101323.94190963,14171140898183.16,2716903.69463107,Woodland
F_2_Grassland.edgelist,6.2046,5.733999999999998,19.9706,39.34400000000001,29.38,25.414,3.7,201.164,67.76,14.887999999999998,0.67116703033166,3.203026254340007,754400.932263146,5656178.672926987,8809665202569.67,1739542.1984677997,Grassland
F_49_Cropland.edgelist,7.017600000000001,6.494,15.8355,18.764,91.64,34.613,1.78,298.3,50.66,16.972,0.6457149423590987,3.4824280228389295,1082322.1222301268,6042474.294764816,15641604599916.496,2238425.8880156022,Cropland
F_26_Woodland.edgelist,5.0062,4.419999999999999,10.1336,55.782,19.54,20.354,3.0440000000000005,95.244,66.8,13.894000000953675,0.6836484081452653,2.6910300903791433,1417495.1621357235,7063002.1685619615,13534981695790.43,2659396.675560235,Woodland
F_3_Woodland.edgelist,5.2662,4.638,10.429400000000003,56.08,19.22,18.572,3.1020000000000003,130.302,58.6,14.953000000953677,0.6860522366184102,2.6876818144108934,1439946.1164615955,6891947.373090619,13536700850186.262,2723615.391277504,Woodland
F_30_Grassland.edgelist,6.2200999999999995,5.705,20.278800000000004,32.923,38.56,24.827999999999996,3.1890000000000005,185.637,69.9,15.463000000000001,0.6699509790175219,3.2146339985571784,1011952.393103277,5757821.876653549,10273190485760.824,1872734.5758253369,Grassland
F_46_Grassland.edgelist,6.1764,5.654000000000001,19.0818,38.654,38.82,28.186,3.3960000000000004,167.93,68.6,14.242,0.6644675829879791,3.247063782158338,729434.1019325426,5923797.605358783,12242084043693.52,1953536.3480269187,Grassland
F_25_Woodland.edgelist,5.347,4.854,15.416999999999998,58.80200000000001,19.76,19.958,3.5779999999999994,133.788,64.98,14.785999999999996,0.6859559964752626,2.594717933103719,1379520.0801494075,6665570.746485815,13868238269677.19,2534566.2508164635,Woodland
F_46_Woodland.edgelist,5.2219999999999995,4.634,11.728199999999998,61.3,28.44,19.96,3.4220000000000006,141.97000000000003,58.1,14.847000000953674,0.6847079756810424,2.7183891981747372,1468010.5633274976,6926337.248142527,14069302543433.576,2529620.047355802,Woodland
F_32_Grassland.edgelist,6.513599999999999,6.003999999999999,22.099,32.373999999999995,36.06,26.336,3.1000000000000005,263.48400000000004,67.38,15.453999999999999,0.664622296179275,3.11133298093838,942228.8620744242,5806433.871301037,11777665882389.602,1917992.3537304075,Grassland
F_39_Cropland.edgelist,6.8582,6.316,15.400599999999999,18.976000000000003,110.38,38.209999999999994,1.8300000000000003,215.54600000000002,54.68,16.479,0.6408565502773714,3.420278967082642,1094918.3439509796,6049071.01372548,13780416043675.885,1911472.649652535,Cropland
F_6_Cropland.edgelist,7.207399999999999,6.678,17.1377,19.308,124.38,36.797000000000004,1.716,319.614,48.04,17.202,0.6461391010501107,3.3427759300043816,814379.8649569277,5735413.837272879,11890604790186.236,2031075.6868339384,Cropland
F_2_Woodland.edgelist,5.0686,4.436,8.994599999999998,51.501999999999995,32.12,19.872,2.8400000000000007,133.45,61.78,13.820999999999996,0.6808487973278907,2.704016846354383,1430525.6112162748,7098427.04596458,13553005387967.385,2780759.424164291,Woodland
F_40_Woodland.edgelist,5.2192,4.582000000000001,9.6842,49.974000000000004,36.22,21.862000000000002,2.7659999999999996,107.98400000000001,60.2,14.299,0.6827423808068184,2.7385098618586947,1420330.3038181865,7234551.276086319,14517853843913.924,2815856.80987499,Woodland
F_27_Woodland.edgelist,4.8756,4.254,10.248299999999999,51.712999999999994,2.34,20.472,2.9010000000000002,86.949,64.1,14.547000000000002,0.6813834283739595,2.8843085112051603,1495399.8832321635,7239625.285780931,13494192934258.02,2608526.048778768,Woodland
F_26_Cropland.edgelist,7.1942,6.679999999999999,19.216700000000003,16.919999999999998,120.82,36.363,1.7520000000000002,295.01,50.88,17.3,0.6470524272570944,3.4604958908689456,807478.850371524,5774246.595483842,14455583845492.766,1989435.125328836,Cropland
F_35_Cropland.edgelist,7.0724,6.544,22.578400000000002,22.406000000000002,132.78,37.047999999999995,1.9760000000000002,236.338,46.12,17.908,0.6490042354948024,3.382997031835435,710922.5975175877,5833281.608614571,14372856080918.18,1995865.459236349,Cropland
F_29_Woodland.edgelist,4.9437999999999995,4.346,11.4998,57.272,16.16,18.805999999999997,3.2259999999999995,88.96999999999998,67.62,13.854000000000003,0.6822731768687449,2.787480412894377,1653844.7799785296,7496548.570807928,13410180795240.828,2663390.038170423,Woodland
F_24_Grassland.edgelist,6.375899999999999,5.835,16.7404,35.937,50.8,28.980000000000004,3.2070000000000003,203.611,59.94,15.273,0.6682554159302357,3.195721148205787,878272.428704472,5982543.745926356,12277609697471.818,2047390.9016278328,Grassland
F_29_Cropland.edgelist,6.829400000000001,6.345999999999999,17.9096,19.516,94.04,47.508,2.0240000000000005,282.582,53.14,17.517,0.643486932141814,3.4015642687920074,765606.1224741373,6149063.329062495,10363615865088.61,1963304.3192700024,Cropland
F_9_Grassland.edgelist,6.6224,6.087999999999999,20.362199999999998,32.998000000000005,64.68,22.293999999999997,3.1120000000000005,287.39599999999996,70.12,15.015999999999998,0.6706727557178921,3.1126175136645964,908773.0848998692,5728432.589247308,10539588718409.645,1936981.6507554008,Grassland
F_43_Grassland.edgelist,6.2535,5.773000000000001,19.8846,33.565000000000005,45.12,22.805999999999994,3.205,212.899,73.4,15.262999999999998,0.6696272209866996,3.1776005994416097,1057531.0636433547,5857547.29248667,8585042502141.547,1823834.8193828803,Grassland
F_44_Cropland.edgelist,6.706999999999998,6.235999999999999,18.0816,19.304000000000002,86.42,40.7,1.798,200.44,50.28,16.734,0.6419876391094073,3.401525875906998,842229.2063254436,6106033.922255012,10301917253333.504,1906750.707914265,Cropland
F_27_Grassland.edgelist,6.2886,5.797999999999999,22.174,32.132,63.26,25.640000000000004,3.034,226.79600000000002,73.82,14.882,0.6653027568479117,3.1066712418911497,977538.83447358,5903551.654807397,9352276731245.3,1792020.805271976,Grassland
F_29_Grassland.edgelist,6.214499999999999,5.659,17.773200000000003,31.187,62.84,24.736000000000004,3.041000000000001,175.935,73.22,14.231,0.6669374636116759,3.2090925292293777,1053735.1486140983,6020074.435886962,11437671089531.246,1878047.2430131373,Grassland
F_28_Woodland.edgelist,4.8184,4.21,9.4976,39.754,1.16,18.872,2.162,68.402,65.7,13.446000000000002,0.6756074358028612,3.003159007398179,1763728.4532311226,7588238.175958467,13970028101386.832,2408805.529796637,Woodland
F_45_Grassland.edgelist,6.249200000000001,5.673999999999999,16.5592,31.069999999999997,55.94,26.006,2.844,197.86599999999999,65.32,14.686,0.6650099560738109,3.241579205351437,960996.4226269806,5855435.455274834,11059987260270.176,2054340.831211319,Grassland
F_22_Cropland.edgelist,7.0459000000000005,6.491999999999999,20.8314,16.482,102.69,35.675,1.6980000000000002,252.435,49.94,16.185,0.6414621899350041,3.487066490958662,1005798.5519233192,6024770.300205321,11022945004245.775,1958116.2770654652,Cropland
F_30_Woodland.edgelist,5.073,4.45,10.585400000000002,61.482,4.3,18.416,3.2659999999999996,111.73200000000001,68.46,13.917,0.683431445896877,2.9557279636827034,1689751.076567499,7222997.056204356,14251974178371.02,2576805.4033269323,Woodland
F_1_Woodland.edgelist,5.167800000000001,4.59,11.2976,59.556,19.14,19.08,3.3939999999999997,122.62800000000001,68.04,14.241999999999997,0.6840569463964057,2.8317966618158543,1389062.240800054,6854360.42967856,13343125793921.102,2478375.3291126955,Woodland
F_31_Cropland.edgelist,7.096499999999999,6.598,18.162899999999997,17.012,90.91,38.018,1.77,257.59499999999997,49.02,17.691999999999997,0.6387220835994043,3.4458174824588044,846484.2919257587,5980489.113459584,15654967665367.98,1992795.8797414252,Cropland
F_42_Woodland.edgelist,4.977600000000001,4.374,12.535800000000002,67.31200000000001,26.94,21.787999999999997,3.73,111.668,62.7,14.19,0.6825094828955339,2.645900817257529,1474046.916151345,7215992.993163479,12677846448822.348,2590279.4837827696,Woodland
F_40_Cropland.edgelist,6.925599999999999,6.4239999999999995,17.4077,18.79,82.56,31.031,1.83,215.664,46.66,16.816,0.6493121282671186,3.452728279819057,1306621.010019274,6069357.79208262,12723204313783.994,2115943.046099994,Cropland
F_44_Woodland.edgelist,5.226600000000001,4.662,10.238199999999999,56.438,29.44,22.39,3.2039999999999997,123.264,62.54,14.953000000953672,0.6861549842384579,2.6300298619554394,1401598.812129839,6825695.335819969,14288291638602.637,2791741.9343146984,Woodland
F_41_Woodland.edgelist,4.8356,4.231999999999999,11.531400000000001,61.632,11.24,26.346,3.23,97.56599999999999,59.94,12.837000000953676,0.6776085035822834,2.981852019141964,1820141.105251921,7781858.796933676,14633752758665.729,2475662.4151419997,Woodland
F_48_Cropland.edgelist,7.0826,6.561999999999999,17.163,18.33,143.1,35.416,1.794,236.688,47.32,17.332,0.6511612765294837,3.3163561300443107,890453.8723662321,5955336.518124881,13084854539358.863,2142663.282276933,Cropland
F_30_Cropland.edgelist,7.019600000000001,6.488,18.8932,16.959999999999997,107.46,43.57599999999999,1.6700000000000004,259.44399999999996,42.76,18.052,0.6475521546788063,3.3911681119366643,941610.0735668406,6060815.687662568,12446058933134.74,2246537.8146355813,Cropland
F_26_Grassland.edgelist,6.283399999999999,5.719999999999999,21.052400000000002,35.797999999999995,32.58,22.574,3.2560000000000002,276.546,70.38,16.103,0.6712964320061381,3.190748673074586,1075235.1449109777,5790014.357364806,11731762663494.12,1963202.46057992,Grassland
F_20_Woodland.edgelist,5.320600000000001,4.736000000000001,11.310599999999999,50.032,27.52,18.924,3.0040000000000004,111.68799999999999,65.54,15.443,0.6842350656507825,2.970042707148313,1218220.7652791047,6920123.285983418,12273543026598.38,2464018.1653582877,Woodland
F_19_Grassland.edgelist,6.4024,5.877999999999999,19.9708,35.848,54.08,21.507999999999996,3.3560000000000003,207.61,67.42,15.549000000000001,0.6688436914934962,3.281255640215182,922419.1236578708,5840958.827006793,11091033743446.184,1899725.7233770704,Grassland
F_32_Cropland.edgelist,6.7170000000000005,6.184000000000001,16.048199999999998,17.184,65.4,34.81,1.7200000000000002,210.83599999999998,53.92,16.462,0.6365637938817411,3.505564305611206,1241447.5586008404,6132903.807250109,15292431730083.266,2017461.7741147135,Cropland
F_43_Cropland.edgelist,7.053800000000001,6.531999999999999,16.4143,17.428,129.22,40.859,1.7420000000000002,291.27399999999994,45.32,18.16,0.6471581821791673,3.477954300437544,1002395.3591244832,5813175.940502245,13970803151021.816,2189782.568344864,Cropland
F_46_Cropland.edgelist,6.992600000000001,6.48,16.4902,17.840000000000003,74.5,42.694,1.74,240.46,46.06,16.863000000000003,0.6454416291239107,3.3273490456791124,959669.0653337464,5984070.247233211,13010973734137.762,2159691.299038068,Cropland
F_42_Cropland.edgelist,7.1776,6.648000000000001,21.323400000000003,18.682000000000002,125.28,36.212,1.7899999999999998,264.19599999999997,48.86,18.157000000000004,0.6450524698089422,3.451802307628003,867434.4483938703,5904395.469160262,15464907828322.684,2050675.0755830072,Cropland
F_24_Woodland.edgelist,4.9946,4.388,11.837199999999998,50.50800000000001,6.12,20.901999999999997,2.9600000000000004,115.664,68.42,13.872,0.6823406811491419,2.844617139380934,1448010.6341449397,7265870.706507363,14310096718032.557,2678684.0541065326,Woodland
F_44_Grassland.edgelist,6.2988,5.822,21.072,39.448,56.0,19.662,3.588,186.3,70.64,15.059000000000001,0.6702680742898705,3.2642712662463715,840369.3762440291,5705191.153275308,10908298834602.666,1984314.6188713675,Grassland
F_12_Woodland.edgelist,4.9794,4.364000000000001,9.217400000000001,47.391999999999996,22.8,19.650000000000002,2.734,106.31200000000001,62.48,15.126000000000001,0.6828358834557113,2.7340353449042487,1434866.427422939,6946296.394646343,13390511349279.27,2686535.5332920603,Woodland
F_22_Grassland.edgelist,6.220700000000001,5.677,19.0992,37.48500000000001,44.48,23.748,3.3609999999999998,189.42899999999997,72.8,14.947999999999997,0.6656851266738916,3.252440048415379,861031.8566182696,6027752.200007196,11882072415621.729,1966271.6044380723,Grassland
F_21_Cropland.edgelist,6.989,6.486000000000001,18.1019,17.958,63.54,29.743000000000002,1.764,240.312,51.08,17.258999999999997,0.6427290452039651,3.3888165431300212,990948.2153902218,6029851.125273695,12009627750608.85,2007235.1572222323,Cropland
F_1_Cropland.edgelist,7.054200000000001,6.5280000000000005,16.972,16.368,99.58,38.126,1.722,256.65,52.42,17.339000000000002,0.6470782258519887,3.4411984303134595,1010974.1139516968,5941551.06446354,15514044197455.53,2222815.2073166617,Cropland
F_15_Woodland.edgelist,4.883799999999999,4.27,11.071900000000001,70.005,1.84,19.78,3.425,112.92900000000002,64.94,14.128000000953673,0.682803505694039,2.7360941132914927,1632501.20282589,7197243.477348017,12991842454290.271,2540204.193128979,Woodland
F_41_Cropland.edgelist,6.9972,6.457999999999999,18.944200000000002,17.252,86.26,38.146,1.74,277.42400000000004,48.44,17.476,0.6436500553840279,3.4532567859071652,815266.063003508,5931191.317746023,10859354958161.12,1991582.6651192373,Cropland
F_28_Cropland.edgelist,7.199,6.642,17.753,17.014,152.3,37.324,1.72,289.17,47.38,17.088,0.6488277119607886,3.2492688385481627,809850.2077887452,5847286.282723236,9965418348427.855,1912536.750005514,Cropland
F_23_Cropland.edgelist,7.1286000000000005,6.626,20.1168,17.064,120.98,35.318000000000005,1.6680000000000001,248.858,45.82,18.038,0.6516661866223117,3.247697740780061,886185.8760783166,5729474.814806521,15116525664438.916,2158885.9507448105,Cropland
F_25_Grassland.edgelist,6.153099999999999,5.6610000000000005,19.4298,31.578999999999997,22.32,24.148000000000003,3.115,228.715,71.94,15.515999999999998,0.6651486960390202,3.3543201360510717,1120951.1070236028,5857619.115856741,8682269898938.412,1842404.641140605,Grassland
F_12_Grassland.edgelist,6.3216,5.837999999999999,19.0774,41.93599999999999,38.92,22.958,3.716,199.61399999999995,71.94,15.127000000000002,0.6632696432826911,3.1641133415775275,1206824.222821259,5976805.89165032,11955813558635.477,1898166.8534711185,Grassland
F_23_Woodland.edgelist,5.0818,4.462,11.052999999999999,57.31399999999999,18.9,20.372,3.2220000000000004,106.81599999999999,63.72,13.802999999999999,0.6821344008021286,2.8358067124257262,1622132.3469835566,7481084.101573385,14636095393131.602,2767104.832060575,Woodland
F_21_Grassland.edgelist,6.395599999999999,5.876,21.524799999999995,36.15,45.78,25.24,3.2960000000000003,254.266,67.14,15.29,0.6653392365879783,3.1861370791573576,1062057.6581340467,5882757.995848176,10273656484428.412,2012503.8073937069,Grassland
F_1_Grassland.edgelist,6.5042,5.992000000000001,21.323599999999995,35.324,39.64,24.557999999999993,3.142,209.15400000000005,71.76,15.503,0.6696983952585895,3.1899140906916985,961640.139812052,5918811.762949708,11349244829525.176,1944345.6171258444,Grassland
F_14_Grassland.edgelist,6.394,5.9079999999999995,19.9028,38.528,35.7,26.05,3.4580000000000006,212.044,66.7,15.315999999999999,0.6690631169086317,3.14837183416398,801332.5341731838,5739239.330888641,12439372412391.885,1951772.722815962,Grassland
F_24_Cropland.edgelist,7.060200000000001,6.504,20.813699999999997,15.834000000000001,92.86,40.685,1.6839999999999997,262.948,47.7,17.366,0.6435053734771838,3.3917001325922396,1115131.4183125016,5852884.068559823,11914879703972.809,1992385.962648112,Cropland
F_27_Cropland.edgelist,7.0536,6.478,16.247799999999998,17.546,107.72,29.763999999999996,1.6880000000000002,221.974,45.72,17.4,0.6449886494486935,3.4968598685026966,1193947.3117227932,6024785.085625805,11704800801479.809,2247609.575725035,Cropland
F_20_Grassland.edgelist,6.370000000000001,5.8759999999999994,19.641,37.017999999999994,51.1,24.648000000000003,3.4059999999999997,204.748,69.16,15.099,0.6698333961929192,3.2241295408171537,983944.880508565,5852294.871976648,12279766430184.52,1937784.460372928,Grassland
F_14_Woodland.edgelist,5.138400000000001,4.53,11.358600000000001,54.93600000000001,6.48,19.476,3.31,115.18,68.0,13.867,0.6842020757478712,2.8958671851507978,1475534.5232527982,7058410.649059334,14026702631784.186,2542198.5751744243,Woodland
F_11_Woodland.edgelist,4.8296,4.244000000000001,11.768400000000002,62.08200000000001,19.66,24.572,3.388,98.338,67.46,13.82,0.6810605271214584,2.8371553385217836,1668917.4164029127,7300791.333232467,12368533608237.766,2490928.467331257,Woodland
F_0_Woodland.edgelist,5.074000000000001,4.4719999999999995,12.4716,66.126,24.88,19.503999999999998,3.5620000000000003,114.50200000000001,63.92,14.388,0.6836620197799632,2.680302018990186,1660630.0611484635,7215150.921985383,13338532650194.88,2677037.067908307,Woodland
F_17_Grassland.edgelist,6.285799999999999,5.798000000000001,20.957800000000002,35.102,31.52,22.350000000000005,3.358,254.25599999999997,75.08,15.049,0.6665931968557705,3.2669786589757517,932338.2756588672,5755330.724939593,10280781238837.465,1767810.8343686825,Grassland
F_18_Grassland.edgelist,6.2884,5.795999999999999,18.625200000000003,33.32000000000001,45.44,25.17,3.03,222.012,65.1,15.597000000000001,0.6734505629406669,3.177096437528379,1030789.385283128,5753025.637689046,11897625526305.49,1958503.455141692,Grassland
F_18_Woodland.edgelist,5.0336,4.394,11.010399999999999,61.872,18.82,18.816,3.3859999999999997,112.362,57.3,15.806000000000001,0.6862757547124977,2.725706937458325,1220929.1843464533,6806698.375719738,13968080374962.32,2789041.053364119,Woodland
F_21_Woodland.edgelist,5.119000000000001,4.5600000000000005,11.1434,58.104,34.84,19.858,3.082,108.1,61.26,13.988000000000001,0.6828464234277243,2.698453443939489,1474086.1378150785,7076713.479400453,13634763124774.469,2530101.165222919,Woodland
F_23_Grassland.edgelist,6.4117,5.860999999999999,19.318,35.446999999999996,37.26,24.342,3.173,207.31499999999997,66.64,15.426000000000002,0.6696453193514661,3.228433761923577,1044056.6537452042,5825499.211898518,11896334888386.531,2067669.5480846416,Grassland
F_17_Woodland.edgelist,5.076200000000001,4.4399999999999995,9.814,54.488,22.14,17.331999999999997,2.9779999999999998,111.7,59.74,14.742000000953674,0.6829653530949219,2.8097867553013147,1372058.007126159,7183653.636736071,11122523189345.729,2632706.6362235416,Woodland
F_22_Woodland.edgelist,5.008000000000001,4.412,10.113999999999999,46.29599999999999,8.72,19.93,2.8339999999999996,102.19200000000001,66.34,13.624,0.6798605389565456,3.071812592897699,1441327.5862038326,7269276.294756957,13336583242832.896,2618516.1364790164,Woodland
F_19_Woodland.edgelist,5.025200000000001,4.420000000000001,12.7018,75.93,20.8,20.433999999999997,4.244,132.62,65.5,13.665,0.6860079063334945,2.5613730675994497,1441709.422058196,7171993.067687999,14050749487426.451,2707285.05895222,Woodland
F_0_Cropland.edgelist,7.052200000000002,6.561999999999999,17.0268,16.95,99.62,41.018,1.8079999999999998,295.12399999999997,49.08,16.840999999999998,0.6487075319921526,3.362122111342588,937650.1277650872,5873030.832790655,12386864406726.63,1914428.672302452,Cropland
F_12_Cropland.edgelist,7.0797,6.567999999999999,20.2112,16.810000000000002,76.29,38.281000000000006,1.6820000000000002,241.893,47.74,17.358,0.6419184635122529,3.414377082874281,881652.8828987658,5877388.451363048,10026516386653.152,1799241.8697096417,Cropland
F_2_Cropland.edgelist,6.934200000000001,6.3919999999999995,21.500799999999995,18.252,117.16,34.03,1.734,238.06,47.98,17.019000000000002,0.6444339556273685,3.5148999249022506,872758.2210364426,5822822.037687629,10395204484721.389,1905461.211856721,Cropland
F_16_Woodland.edgelist,5.0396,4.438,11.3654,57.135999999999996,26.36,20.868,2.9840000000000004,124.66799999999999,64.48,14.271000000953677,0.6821004151236549,2.74720337005232,1429077.9352577445,7372767.330472483,13141773310785.805,2606266.3346608235,Woodland
F_10_Grassland.edgelist,6.4823,5.961,17.859399999999997,28.973000000000003,58.54,24.357999999999993,2.8229999999999995,195.799,69.18,15.274000000000001,0.662284933848751,3.405314181468621,882780.1034769979,5829124.549352445,9736305375162.35,1886745.9277481032,Grassland
F_25_Cropland.edgelist,7.044599999999999,6.556,23.1158,17.166,102.16,41.328,1.71,235.51800000000003,48.98,18.171,0.6481019254788659,3.4565141175487617,982362.7851049528,5885839.96990675,13333687025957.154,2068806.8242467104,Cropland
F_11_Cropland.edgelist,6.962600000000001,6.419999999999999,18.9654,18.918000000000003,84.8,33.804,1.7760000000000002,273.372,50.2,18.232,0.6512631851343624,3.4201910755290004,996725.168426356,6027981.509830369,12811394900326.828,1984489.259826963,Cropland
F_15_Grassland.edgelist,6.3428,5.793999999999999,18.913,35.766,50.26,23.944000000000006,3.4419999999999997,193.968,74.82,14.702,0.668253165227811,3.1561958444567813,1077005.292695515,5887167.066934866,9714018634380.717,1819820.9744464231,Grassland
F_9_Cropland.edgelist,7.0687999999999995,6.56,19.915,17.544,92.1,37.99799999999999,1.7560000000000002,230.142,48.0,17.113,0.6329392811086312,3.556225807710468,1105462.5845616504,6166414.2087680055,14809202971022.03,2270358.691610857,Cropland
F_8_Cropland.edgelist,7.2075999999999985,6.664000000000001,22.610599999999994,20.657999999999998,141.0,36.958,2.048,228.308,49.98,17.706,0.6422299844977494,3.441567931878186,811419.0314088187,5971678.463064653,9820541900082.318,1895511.4250361864,Cropland
F_19_Cropland.edgelist,6.9072,6.411999999999999,14.648400000000002,18.44,100.14,43.837999999999994,1.8340000000000003,208.75600000000003,48.44,17.851000000000003,0.6507557829539649,3.397830590975031,856711.9045228276,5824882.56299114,12072000866911.787,2109051.4981644526,Cropland
F_13_Grassland.edgelist,6.236099999999999,5.7330000000000005,19.684400000000004,42.919,42.2,27.781999999999996,3.944999999999999,226.291,68.62,15.423,0.6683015793121969,3.2135727566757453,952129.1211429506,5943889.14745032,12560225954070.44,2005515.7379524813,Grassland
F_20_Cropland.edgelist,6.9662,6.474000000000001,17.5315,19.954,91.0,35.602999999999994,2.0780000000000003,205.31599999999997,51.18,16.814,0.6433440211975154,3.4149095271424543,1109184.4951281364,6106913.777230944,14589710947649.111,2194077.9566676198,Cropland
F_16_Grassland.edgelist,6.239899999999999,5.6930000000000005,19.410400000000003,36.213,38.16,24.013999999999996,3.265,236.19500000000005,75.22,15.034,0.6666306543734095,3.288088557665461,1245607.2214097197,5916405.725203463,10325970392707.203,1901072.4391712449,Grassland
F_11_Grassland.edgelist,6.3596,5.884000000000001,19.7788,37.62,40.68,24.22,3.508,260.3,69.34,14.48,0.6647186594606641,3.236793473094201,1086133.2493817213,6068050.952924017,12123491303270.312,1927242.214633736,Grassland
F_13_Woodland.edgelist,5.0552,4.49,12.220799999999999,52.647999999999996,18.08,20.507999999999996,3.01,128.31599999999997,60.86,15.307,0.6845598221775019,2.878746279121847,1204189.7255174315,6790530.844616489,13520857453431.842,2511903.075139844,Woodland
F_4_Cropland.edgelist,6.965000000000001,6.446000000000001,18.5752,19.71,101.76,38.854,1.86,269.45799999999997,49.5,17.197,0.6479022252438975,3.5220581726938223,924210.832335718,5884794.921833797,14582411948942.88,2105520.8692237744,Cropland
F_0_Grassland.edgelist,6.124099999999999,5.627000000000001,21.311999999999998,40.617000000000004,37.16,25.553999999999995,3.5410000000000004,243.72899999999998,71.0,15.069,0.6638897687446818,3.3560922357941267,917731.6324747192,5918372.033165851,12401726262754.371,1963854.740403444,Grassland
F_14_Cropland.edgelist,6.871299999999999,6.332000000000002,18.586499999999997,17.66,115.29,43.19999999999999,1.7619999999999998,223.825,46.6,17.912,0.6447947863879204,3.556710163691432,722397.8360983316,5792837.030995798,10542556399126.877,1923986.4101682352,Cropland
F_16_Cropland.edgelist,7.234799999999999,6.725999999999999,18.7167,17.281999999999996,109.46,29.925,1.6980000000000004,225.90000000000003,47.04,17.725,0.6409712874909147,3.532347678605516,710881.9351169296,5785189.494928593,10367153618359.783,1836452.0327053024,Cropland
F_5_Cropland.edgelist,6.996199999999999,6.525999999999999,17.031000000000002,17.509999999999998,77.06,43.504,1.7539999999999998,204.27,51.88,17.249000000000002,0.6374876982517315,3.4811548615799235,950793.7536487016,6277561.932833523,10567979921549.734,2150395.323224697,Cropland
F_17_Cropland.edgelist,7.1232,6.575999999999999,18.0136,20.136,123.68,42.982000000000006,2.0140000000000002,260.77,49.36,17.097,0.6392629660285601,3.5086048157384533,887537.9843586411,5954979.909436078,10196580998976.955,1960784.03579506,Cropland
F_13_Cropland.edgelist,7.0758,6.548000000000001,16.9446,18.222,100.2,37.519999999999996,1.7860000000000003,258.29999999999995,47.48,17.642,0.6372430892164922,3.4911909608984666,925272.7680133852,5918020.427851183,10846964237262.771,1996795.3627514844,Cropland
F_18_Cropland.edgelist,7.098400000000001,6.531999999999999,17.601599999999998,18.74,116.82,43.836000000000006,1.7420000000000002,265.768,48.88,17.423,0.639663804417205,3.4916353072984636,906030.3279017904,6115407.077409601,11988270368456.992,2045063.7766984703,Cropland
F_10_Cropland.edgelist,6.8911,6.392,17.793599999999998,16.246,71.91,37.751,1.7079999999999997,239.90700000000004,44.86,17.993,0.6460815721811337,3.378939113567389,933867.1879553404,5960406.449657704,16027519371737.506,2158581.702765293,Cropland
F_10_Woodland.edgelist,5.0882,4.4719999999999995,10.613,53.31400000000001,4.38,20.778000000000002,2.908,96.30199999999999,65.1,14.540000000000003,0.6831956037347348,2.9355779432348488,1811708.549377706,7344183.828423071,13841154822133.438,2622003.4652794125,Woodland
F_15_Cropland.edgelist,6.7808,6.2620000000000005,15.7021,18.332,94.12,40.080999999999996,1.76,229.69600000000003,50.12,17.455,0.6410487948286376,3.5372353333451536,994009.1395697488,6004132.0643651895,10895449565470.902,2014878.577371336,Cropland
B_6_Woodland.edgelist,4.999199999999999,4.444,13.5998,58.02799999999999,2.78,19.246000000000002,3.3760000000000003,118.02000000000002,68.8,14.474000000953675,0.5452797711883034,7.412760698061975,1337025.1879163135,6956007.227542686,13806134993139.236,2450046.753653353,Woodland
B_43_Woodland.edgelist,4.9538,4.348,9.676000000000002,64.41799999999999,20.96,21.628,3.3040000000000003,111.94200000000001,65.26,14.677000000953676,0.5573114014097221,7.227880380760696,1319118.4780157174,7191260.417591177,11058736736933.355,2572569.383870017,Woodland
B_9_Woodland.edgelist,5.187200000000001,4.584,12.3904,71.152,21.28,21.044,3.8819999999999997,147.588,63.4,14.870000000000003,0.5801515727376113,7.21924075166558,1385288.1393972011,6889592.831928394,13891211979394.703,2646896.0330723035,Woodland
B_8_Woodland.edgelist,5.0336,4.412,9.8513,60.891000000000005,11.92,21.984,3.1949999999999994,115.169,63.64,14.4,0.5395978710377947,7.241251877498524,1689699.9809145462,7216099.416716907,14626085913342.729,2735724.21919544,Woodland
B_41_Woodland.edgelist,4.8356,4.231999999999999,11.531400000000001,61.632,11.24,26.346,3.23,97.56599999999999,59.94,12.837000000953676,0.5364210230545655,7.269798389662285,1820141.105251921,7781858.796933676,14633752758665.729,2475662.4151419997,Woodland
B_5_Woodland.edgelist,5.185,4.584,9.724499999999999,59.013000000000005,21.12,19.212,3.219,130.959,58.18,15.560000000953673,0.564208328168474,7.355599846459423,1447378.5609296253,7030026.726007686,14229084958256.672,2781739.0895935334,Woodland
B_48_Woodland.edgelist,4.9526,4.324,10.321499999999999,61.36900000000001,16.62,20.438,3.0810000000000004,86.04899999999999,71.9,14.342000000953677,0.5348458827821907,7.244648480698476,1537327.0240810649,7332924.940050781,12382443320541.092,2411236.477516245,Woodland
B_42_Woodland.edgelist,4.977600000000001,4.374,12.535800000000002,67.31200000000001,26.94,21.787999999999997,3.73,111.668,62.7,14.19,0.5541708913867774,7.278658505474999,1474046.916151345,7215992.993163479,12677846448822.348,2590279.4837827696,Woodland
B_40_Woodland.edgelist,5.2192,4.582000000000001,9.6842,49.974000000000004,36.22,21.862000000000002,2.7659999999999996,107.98400000000001,60.2,14.299,0.557204978722599,7.2828105361096425,1420330.3038181865,7234551.276086319,14517853843913.924,2815856.80987499,Woodland
B_42_Grassland.edgelist,6.349600000000001,5.8420000000000005,21.4166,41.262,47.7,25.502,3.77,215.528,70.0,14.544,0.5584598386290295,7.723791818229495,823295.5455421131,5910144.96834921,11225035162172.158,1849895.2481945583,Grassland
B_7_Woodland.edgelist,5.215599999999999,4.63,13.5358,61.174,27.64,22.764,3.5260000000000002,105.652,61.68,14.728,0.5605620989538983,7.403495797641983,1392589.085839884,7161054.900343939,13384370749497.32,2677284.0454417598,Woodland
B_32_Null.edgelist,,,,,,,,,,,,,,,,,Null
B_7_Cropland.edgelist,7.0752,6.52,15.475700000000002,16.898,94.08,37.724999999999994,1.7000000000000002,251.892,47.1,17.1,0.5282660866841924,8.007516073730802,763190.0903700781,5908101.968799239,11616109615657.438,1996347.397038072,Cropland
B_18_Null.edgelist,,,,,,,,,,,,,,,,,Null
B_49_Woodland.edgelist,5.260599999999999,4.718000000000001,11.379100000000001,51.097,26.46,17.972,2.9130000000000003,120.449,69.48,15.256000000000002,0.5722513246542736,7.336659329769211,1361719.322543827,6816787.056925328,14759998268575.115,2577273.468845333,Woodland
B_37_Woodland.edgelist,5.083,4.488,9.9291,49.729,14.86,20.704,2.897,120.07699999999998,65.32,13.574000000000002,0.5493389827241366,7.412172827196932,1639001.303749502,7084208.541990927,14095604588153.488,2655932.356267232,Woodland
B_38_Grassland.edgelist,6.2125,5.715,16.989199999999997,36.131,19.6,24.0,3.443,173.795,73.22,14.775,0.519555002875891,7.833680413618713,1085440.8801668196,6028759.751902224,12205140015272.557,1887120.443059268,Grassland
B_45_Woodland.edgelist,5.116,4.516,10.458599999999999,59.885999999999996,11.98,19.948,3.3799999999999994,107.47599999999998,67.44,12.810000000000002,0.5488676447514149,7.334118932582542,1583086.8605156532,7426748.80681382,13184666753522.314,2602997.6880533383,Woodland
B_36_Woodland.edgelist,5.3448,4.8,12.419599999999997,53.461999999999996,13.24,19.3,3.2799999999999994,111.16599999999998,63.32,14.854,0.5653122111206796,7.391794629243533,1418861.5452238207,7101323.94190963,14171140898183.16,2716903.69463107,Woodland
B_4_Woodland.edgelist,5.0935999999999995,4.553999999999999,11.073,51.43200000000001,12.86,17.592,3.032,108.49599999999998,67.64,15.034,0.5630614007487649,7.3590891785852905,1374153.717974322,6729178.787657063,13025717967856.36,2497864.067150376,Woodland
B_43_Cropland.edgelist,7.053800000000001,6.531999999999999,16.4143,17.428,129.22,40.859,1.7420000000000002,291.27399999999994,45.32,18.16,0.5343813734774465,7.956880665389896,1002395.3591244832,5813175.940502245,13970803151021.816,2189782.568344864,Cropland
B_39_Woodland.edgelist,5.1638,4.578,11.868799999999998,59.952000000000005,16.62,21.166000000000004,3.2880000000000003,111.088,67.0,13.931999999999999,0.5765853402706448,7.349411087686697,1442149.943250473,6998919.989239161,13415709173976.746,2529956.388785052,Woodland
B_43_Grassland.edgelist,6.2535,5.773000000000001,19.8846,33.565000000000005,45.12,22.805999999999994,3.205,212.899,73.4,15.262999999999998,0.54965938676081,7.696439030948975,1057531.0636433547,5857547.29248667,8585042502141.547,1823834.8193828803,Grassland
B_11_Null.edgelist,,,,,,,,,,,,,,,,,Null
B_49_Null.edgelist,,,,,,,,,,,,,,,,,Null
B_3_Woodland.edgelist,5.2662,4.638,10.429400000000003,56.08,19.22,18.572,3.1020000000000003,130.302,58.6,14.953000000953677,0.560995499791041,7.500273788525691,1439946.1164615955,6891947.373090619,13536700850186.262,2723615.391277504,Woodland
B_21_Null.edgelist,,,,,,,,,,,,,,,,,Null
B_6_Cropland.edgelist,7.207399999999999,6.678,17.1377,19.308,124.38,36.797000000000004,1.716,319.614,48.04,17.202,0.5222122621403511,7.984165301611755,814379.8649569277,5735413.837272879,11890604790186.236,2031075.6868339384,Cropland
B_9_Null.edgelist,,,,,,,,,,,,,,,,,Null
B_37_Null.edgelist,,,,,,,,,,,,,,,,,Null
B_46_Woodland.edgelist,5.2219999999999995,4.634,11.728199999999998,61.3,28.44,19.96,3.4220000000000006,141.97000000000003,58.1,14.847000000953674,0.5624476106068006,7.338731683020139,1468010.5633274976,6926337.248142527,14069302543433.576,2529620.047355802,Woodland
B_29_Null.edgelist,,,,,,,,,,,,,,,,,Null
B_13_Null.edgelist,,,,,,,,,,,,,,,,,Null
B_43_Null.edgelist,,,,,,,,,,,,,,,,,Null
B_39_Grassland.edgelist,6.477500000000001,5.967,18.963399999999996,41.09299999999999,51.14,19.198,3.569,208.825,66.68,15.06,0.5553262800267124,7.8283739230984555,1036935.3940660148,6038026.147851381,13453574904100.549,2154194.1917697354,Grassland
B_38_Woodland.edgelist,5.3596,4.798,12.824799999999998,48.816,22.62,20.031999999999996,2.9560000000000004,113.866,61.58,14.748,0.5557513059362111,7.465643299584261,1368854.259688175,6932663.623137707,12493022345839.531,2635678.3031422645,Woodland
B_47_Woodland.edgelist,4.9552000000000005,4.358,12.655600000000002,66.084,22.92,22.052000000000003,3.66,123.90799999999999,69.32,13.597000000000001,0.5408905827935436,7.291513645997811,1401878.156772456,7077758.270490668,14101699001931.312,2501953.701002803,Woodland
B_48_Grassland.edgelist,6.3466,5.8260000000000005,20.639,32.994,24.42,25.311999999999998,3.0959999999999996,255.69200000000004,70.04,15.574000000000002,0.5465632256012878,7.754485839499358,1155853.326707787,5942142.004925915,10733220896271.385,1925683.0734078388,Grassland
B_3_Cropland.edgelist,7.051799999999999,6.49,17.980400000000003,20.402,105.52,37.028,2.036,211.64799999999997,50.02,17.072,0.5298584693077439,7.971155265506134,1095912.3827609448,5862188.917650957,10879632991470.934,2030259.2151039464,Cropland
B_22_Null.edgelist,,,,,,,,,,,,,,,,,Null
B_28_Null.edgelist,,,,,,,,,,,,,,,,,Null
B_47_Grassland.edgelist,6.259599999999999,5.78,20.6558,32.178,39.74,21.518,3.128,242.75400000000005,71.66,15.120999999999999,0.5552903674856957,7.747638696056333,1070803.825152346,5775344.6544091925,12342896815796.557,1997233.125743618,Grassland
B_12_Null.edgelist,,,,,,,,,,,,,,,,,Null
B_16_Null.edgelist,,,,,,,,,,,,,,,,,Null
B_41_Grassland.edgelist,6.3027,5.791,22.246599999999997,34.635,54.0,22.913999999999998,3.2150000000000007,194.961,67.94,15.023,0.5606888217908033,7.700997858380555,725271.7836439646,5767552.714311916,13021576735998.594,1921118.220435953,Grassland
B_40_Null.edgelist,,,,,,,,,,,,,,,,,Null
B_8_Cropland.edgelist,7.2075999999999985,6.664000000000001,22.610599999999994,20.657999999999998,141.0,36.958,2.048,228.308,49.98,17.706,0.5250942594364073,7.977167062311314,811419.0314088187,5971678.463064653,9820541900082.318,1895511.4250361864,Cropland
B_4_Grassland.edgelist,6.365,5.8660000000000005,18.271,34.912000000000006,28.22,22.833999999999996,3.2879999999999994,251.95600000000002,70.34,15.465,0.5384424357201998,7.837908028977933,1301168.0210736375,5877165.523879116,8036516823158.557,1655047.7252120948,Grassland
B_33_Null.edgelist,,,,,,,,,,,,,,,,,Null
B_45_Grassland.edgelist,6.249200000000001,5.673999999999999,16.5592,31.069999999999997,55.94,26.006,2.844,197.86599999999999,65.32,14.686,0.554494582042097,7.7731802944266475,960996.4226269806,5855435.455274834,11059987260270.176,2054340.831211319,Grassland
B_45_Null.edgelist,,,,,,,,,,,,,,,,,Null
B_46_Cropland.edgelist,6.992600000000001,6.48,16.4902,17.840000000000003,74.5,42.694,1.74,240.46,46.06,16.863000000000003,0.5335855297581262,7.913535968927439,959669.0653337464,5984070.247233211,13010973734137.762,2159691.299038068,Cropland
B_5_Cropland.edgelist,6.996199999999999,6.525999999999999,17.031000000000002,17.509999999999998,77.06,43.504,1.7539999999999998,204.27,51.88,17.249000000000002,0.517080688869866,8.073006721942829,950793.7536487016,6277561.932833523,10567979921549.734,2150395.323224697,Cropland
B_44_Woodland.edgelist,5.226600000000001,4.662,10.238199999999999,56.438,29.44,22.39,3.2039999999999997,123.264,62.54,14.953000000953672,0.5781669471449503,7.334934016011986,1401598.812129839,6825695.335819969,14288291638602.637,2791741.9343146984,Woodland
B_30_Null.edgelist,,,,,,,,,,,,,,,,,Null
B_10_Null.edgelist,,,,,,,,,,,,,,,,,Null
B_23_Null.edgelist,,,,,,,,,,,,,,,,,Null
B_9_Cropland.edgelist,7.0687999999999995,6.56,19.915,17.544,92.1,37.99799999999999,1.7560000000000002,230.142,48.0,17.113,0.5139715511876033,8.056366058818812,1105462.5845616504,6166414.2087680055,14809202971022.03,2270358.691610857,Cropland
B_49_Grassland.edgelist,6.465999999999999,5.96,22.845000000000006,37.2,34.86,26.140000000000004,3.3739999999999997,272.754,65.54,15.261,0.5648601496106395,7.782766276855252,857857.201859061,5724912.898551165,12132306861386.447,2020263.6708466727,Grassland
B_42_Null.edgelist,,,,,,,,,,,,,,,,,Null
B_47_Null.edgelist,,,,,,,,,,,,,,,,,Null
B_41_Null.edgelist,,,,,,,,,,,,,,,,,Null
B_47_Cropland.edgelist,7.167600000000001,6.615999999999999,15.8792,19.432000000000002,67.98,36.724,1.8499999999999996,256.69800000000004,47.48,17.968,0.5193143724988564,7.961884010189748,1231804.8779372352,5952208.542043801,12943208275536.607,2137947.5692500384,Cropland
B_48_Null.edgelist,,,,,,,,,,,,,,,,,Null
B_25_Null.edgelist,,,,,,,,,,,,,,,,,Null
B_6_Null.edgelist,,,,,,,,,,,,,,,,,Null
B_38_Cropland.edgelist,6.849000000000001,6.322,16.6508,17.145999999999997,92.38,37.69,1.6820000000000004,241.71,45.62,16.647,0.5467863965683832,7.925656362825248,825698.0782476715,6046786.06147862,14581852505343.99,2083986.6988980595,Cropland
B_45_Cropland.edgelist,7.0078000000000005,6.44,17.0056,20.872000000000003,84.76,37.066,1.7819999999999998,229.0,47.84,17.066,0.5243374623955492,7.964987826519551,959169.659848912,6126037.8748908695,13463255236095.195,2176468.61876734,Cropland
B_7_Grassland.edgelist,6.472199999999999,5.966,18.0738,42.606,62.52,23.706,3.6959999999999997,219.36599999999999,61.24,14.235,0.5457726623950905,7.831513548265939,990494.2450935908,6073360.505978774,11864738982690.725,2060425.799127387,Grassland
B_6_Grassland.edgelist,6.3252,5.837999999999999,19.471199999999996,39.476,38.8,23.855999999999995,3.66,194.546,71.52,14.477,0.5352217696507293,7.86765591876442,984275.3095875834,6059231.265658273,11984346384824.72,1870543.994101253,Grassland
B_4_Cropland.edgelist,6.965000000000001,6.446000000000001,18.5752,19.71,101.76,38.854,1.86,269.45799999999997,49.5,17.197,0.5330535952967854,7.993236181736421,924210.832335718,5884794.921833797,14582411948942.88,2105520.8692237744,Cropland
B_7_Null.edgelist,,,,,,,,,,,,,,,,,Null
B_44_Null.edgelist,,,,,,,,,,,,,,,,,Null
B_40_Cropland.edgelist,6.925599999999999,6.4239999999999995,17.4077,18.79,82.56,31.031,1.83,215.664,46.66,16.816,0.5266898989583436,7.997328832221327,1306621.010019274,6069357.79208262,12723204313783.994,2115943.046099994,Cropland
B_2_Null.edgelist,,,,,,,,,,,,,,,,,Null
B_48_Cropland.edgelist,7.0826,6.561999999999999,17.163,18.33,143.1,35.416,1.794,236.688,47.32,17.332,0.535979672413,7.901313660419603,890453.8723662321,5955336.518124881,13084854539358.863,2142663.282276933,Cropland
B_8_Null.edgelist,,,,,,,,,,,,,,,,,Null
B_4_Null.edgelist,,,,,,,,,,,,,,,,,Null
B_40_Grassland.edgelist,6.264000000000001,5.789999999999999,21.52,42.09400000000001,31.24,27.618,3.8179999999999996,248.51600000000002,68.96,14.689,0.5265463293111196,7.812766075811218,912865.656037188,5948454.6972841,12102523323520.893,1865923.930013602,Grassland
B_8_Grassland.edgelist,6.215200000000001,5.7139999999999995,19.2596,31.986000000000004,36.1,23.096,3.0239999999999996,246.19799999999998,71.0,14.815999999999999,0.5528418504255215,7.758184790075793,1179120.791821093,5868026.141333347,11666940330365.137,1959167.195579494,Grassland
B_39_Cropland.edgelist,6.8582,6.316,15.400599999999999,18.976000000000003,110.38,38.209999999999994,1.8300000000000003,215.54600000000002,54.68,16.479,0.5370726300385867,7.970302365904875,1094918.3439509796,6049071.01372548,13780416043675.885,1911472.649652535,Cropland
B_27_Null.edgelist,,,,,,,,,,,,,,,,,Null
B_37_Cropland.edgelist,7.2784,6.755999999999999,19.356599999999997,17.805999999999997,124.66,41.782,1.7659999999999996,278.48600000000005,47.5,17.484,0.5238201912513692,7.9701581316701935,653691.8049252181,5869587.69060069,10561613943088.096,1952993.454991608,Cropland
B_44_Cropland.edgelist,6.706999999999998,6.235999999999999,18.0816,19.304000000000002,86.42,40.7,1.798,200.44,50.28,16.734,0.5326516526064126,7.911878549270127,842229.2063254436,6106033.922255012,10301917253333.504,1906750.707914265,Cropland
B_3_Null.edgelist,,,,,,,,,,,,,,,,,Null
B_41_Cropland.edgelist,6.9972,6.457999999999999,18.944200000000002,17.252,86.26,38.146,1.74,277.42400000000004,48.44,17.476,0.5344676549147259,7.998222799935553,815266.063003508,5931191.317746023,10859354958161.12,1991582.6651192373,Cropland
B_38_Null.edgelist,,,,,,,,,,,,,,,,,Null
B_15_Null.edgelist,,,,,,,,,,,,,,,,,Null
B_46_Null.edgelist,,,,,,,,,,,,,,,,,Null
B_1_Null.edgelist,,,,,,,,,,,,,,,,,Null
B_19_Null.edgelist,,,,,,,,,,,,,,,,,Null
B_5_Null.edgelist,,,,,,,,,,,,,,,,,Null
B_9_Grassland.edgelist,6.6224,6.087999999999999,20.362199999999998,32.998000000000005,64.68,22.293999999999997,3.1120000000000005,287.39599999999996,70.12,15.015999999999998,0.5590024907403914,7.7632566524306466,908773.0848998692,5728432.589247308,10539588718409.645,1936981.6507554008,Grassland
B_35_Null.edgelist,,,,,,,,,,,,,,,,,Null
B_36_Grassland.edgelist,6.3225,5.825,20.8876,33.227,37.22,22.824,3.1729999999999996,270.853,69.82,14.642000000000001,0.541940792959577,7.7866242426463135,856095.4110958645,5758627.260900345,10756407165241.744,1741804.613204026,Grassland
B_46_Grassland.edgelist,6.1764,5.654000000000001,19.0818,38.654,38.82,28.186,3.3960000000000004,167.93,68.6,14.242,0.5572377816234567,7.686231752272175,729434.1019325426,5923797.605358783,12242084043693.52,1953536.3480269187,Grassland
B_24_Null.edgelist,,,,,,,,,,,,,,,,,Null
B_17_Null.edgelist,,,,,,,,,,,,,,,,,Null
B_14_Null.edgelist,,,,,,,,,,,,,,,,,Null
B_44_Grassland.edgelist,6.2988,5.822,21.072,39.448,56.0,19.662,3.588,186.3,70.64,15.059000000000001,0.5509883943056343,7.802034463507743,840369.3762440291,5705191.153275308,10908298834602.666,1984314.6188713675,Grassland
B_31_Null.edgelist,,,,,,,,,,,,,,,,,Null
B_26_Null.edgelist,,,,,,,,,,,,,,,,,Null
B_49_Cropland.edgelist,7.017600000000001,6.494,15.8355,18.764,91.64,34.613,1.78,298.3,50.66,16.972,0.5268436420705701,8.006218533151916,1082322.1222301268,6042474.294764816,15641604599916.496,2238425.8880156022,Cropland
B_39_Null.edgelist,,,,,,,,,,,,,,,,,Null
B_37_Grassland.edgelist,6.442800000000001,5.926,20.815399999999997,32.588,52.38,22.648000000000003,3.04,258.27,63.62,15.875,0.5583212528548597,7.735858298065926,851269.1755985474,5682702.490636774,11841743882154.035,1872160.0420701052,Grassland
B_42_Cropland.edgelist,7.1776,6.648000000000001,21.323400000000003,18.682000000000002,125.28,36.212,1.7899999999999998,264.19599999999997,48.86,18.157000000000004,0.5246803089367846,7.999184021044041,867434.4483938703,5904395.469160262,15464907828322.684,2050675.0755830072,Cropland
B_5_Grassland.edgelist,6.2642,5.753999999999999,16.6614,37.866,40.82,25.642,3.5399999999999996,203.56400000000002,66.28,14.353,0.5368030965093407,7.820129873636457,922055.4442395468,5898706.186911268,12882520116640.38,2024788.6203462093,Grassland
B_20_Null.edgelist,,,,,,,,,,,,,,,,,Null
B_34_Null.edgelist,,,,,,,,,,,,,,,,,Null
B_3_Grassland.edgelist,6.143,5.617999999999999,20.1186,35.251999999999995,19.82,27.11,3.238,226.89000000000004,67.0,15.352,0.5437124001047888,7.766326865281153,997273.2413743552,5700490.8647773685,8448903789378.144,1924358.159112497,Grassland
B_0_Null.edgelist,,,,,,,,,,,,,,,,,Null
B_35_Woodland.edgelist,5.2374,4.66,12.628999999999998,52.512,7.86,19.596,3.094,110.478,59.86,14.892999999999999,0.557513296187878,7.480704243420394,1262287.1232046518,6740326.8795469375,13336491403654.93,2424446.043149839,Woodland
B_27_Woodland.edgelist,4.8756,4.254,10.248299999999999,51.712999999999994,2.34,20.472,2.9010000000000002,86.949,64.1,14.547000000000002,0.5365902191845596,7.176868484204872,1495399.8832321635,7239625.285780931,13494192934258.02,2608526.048778768,Woodland
B_28_Woodland.edgelist,4.8184,4.21,9.4976,39.754,1.16,18.872,2.162,68.402,65.7,13.446000000000002,0.5184422271791013,7.263974188644281,1763728.4532311226,7588238.175958467,13970028101386.832,2408805.529796637,Woodland
B_34_Woodland.edgelist,5.0682,4.47,10.035000000000002,59.355999999999995,3.24,23.36,3.2420000000000004,108.156,64.58,14.053000000953674,0.5583670320323477,7.355632126962718,1749038.6851271165,7332840.886636028,14224304240322.523,2793329.838425965,Woodland
B_36_Null.edgelist,,,,,,,,,,,,,,,,,Null
B_32_Woodland.edgelist,4.9902,4.406000000000001,10.312000000000001,50.251999999999995,7.26,22.78,2.8819999999999997,97.028,70.02,14.197000000000003,0.5559474562686781,7.263824287233524,1344894.354714393,7051985.7064394485,13544246378362.398,2568699.418390389,Woodland
B_2_Cropland.edgelist,6.934200000000001,6.3919999999999995,21.500799999999995,18.252,117.16,34.03,1.734,238.06,47.98,17.019000000000002,0.5360069260917403,7.952395556647588,872758.2210364426,5822822.037687629,10395204484721.389,1905461.211856721,Cropland
B_24_Woodland.edgelist,4.9946,4.388,11.837199999999998,50.50800000000001,6.12,20.901999999999997,2.9600000000000004,115.664,68.42,13.872,0.5433651671663778,7.387665930171226,1448010.6341449397,7265870.706507363,14310096718032.557,2678684.0541065326,Woodland
B_33_Grassland.edgelist,6.2917,5.779000000000001,21.300599999999996,36.779,49.04,28.546000000000003,3.3369999999999997,282.955,62.42,15.901,0.5562062259825322,7.758444833499019,795024.1235024759,5690516.981982622,11903583279117.93,1951698.8858246745,Grassland
B_32_Grassland.edgelist,6.513599999999999,6.003999999999999,22.099,32.373999999999995,36.06,26.336,3.1000000000000005,263.48400000000004,67.38,15.453999999999999,0.5522378899861766,7.79983448301501,942228.8620744242,5806433.871301037,11777665882389.602,1917992.3537304075,Grassland
B_30_Woodland.edgelist,5.073,4.45,10.585400000000002,61.482,4.3,18.416,3.2659999999999996,111.73200000000001,68.46,13.917,0.5400565713409885,7.338560776097407,1689751.076567499,7222997.056204356,14251974178371.02,2576805.4033269323,Woodland
B_2_Woodland.edgelist,5.0686,4.436,8.994599999999998,51.501999999999995,32.12,19.872,2.8400000000000007,133.45,61.78,13.820999999999996,0.5512088910173812,7.238015250852929,1430525.6112162748,7098427.04596458,13553005387967.385,2780759.424164291,Woodland
B_30_Cropland.edgelist,7.019600000000001,6.488,18.8932,16.959999999999997,107.46,43.57599999999999,1.6700000000000004,259.44399999999996,42.76,18.052,0.540686198003307,7.892886612935745,941610.0735668406,6060815.687662568,12446058933134.74,2246537.8146355813,Cropland
B_25_Woodland.edgelist,5.347,4.854,15.416999999999998,58.80200000000001,19.76,19.958,3.5779999999999994,133.788,64.98,14.785999999999996,0.5696423935444239,7.431700696756204,1379520.0801494075,6665570.746485815,13868238269677.19,2534566.2508164635,Woodland
B_17_Woodland.edgelist,5.076200000000001,4.4399999999999995,9.814,54.488,22.14,17.331999999999997,2.9779999999999998,111.7,59.74,14.742000000953674,0.5548033334926518,7.366729749902145,1372058.007126159,7183653.636736071,11122523189345.729,2632706.6362235416,Woodland
B_29_Woodland.edgelist,4.9437999999999995,4.346,11.4998,57.272,16.16,18.805999999999997,3.2259999999999995,88.96999999999998,67.62,13.854000000000003,0.5329175768985921,7.262378358627352,1653844.7799785296,7496548.570807928,13410180795240.828,2663390.038170423,Woodland
B_22_Woodland.edgelist,5.008000000000001,4.412,10.113999999999999,46.29599999999999,8.72,19.93,2.8339999999999996,102.19200000000001,66.34,13.624,0.5352571011318805,7.398413270070887,1441327.5862038326,7269276.294756957,13336583242832.896,2618516.1364790164,Woodland
B_31_Grassland.edgelist,6.2817,5.792999999999999,21.269000000000002,39.527,44.8,23.636000000000003,3.719,171.41499999999996,71.28,14.444,0.5488852395973538,7.76144227592142,789462.4035380906,5858519.621000756,10345614662536.393,1762523.1814133103,Grassland
B_34_Cropland.edgelist,7.1502,6.606,18.078999999999997,22.640000000000004,130.34,37.33,2.164,236.52000000000004,52.38,16.499000000000002,0.5079408237272028,8.037612221968319,1115463.9539793,6164526.452850556,10661056367532.48,2099699.227520421,Cropland
B_18_Woodland.edgelist,5.0336,4.394,11.010399999999999,61.872,18.82,18.816,3.3859999999999997,112.362,57.3,15.806000000000001,0.5563292910876875,7.295172780142185,1220929.1843464533,6806698.375719738,13968080374962.32,2789041.053364119,Woodland
B_23_Woodland.edgelist,5.0818,4.462,11.052999999999999,57.31399999999999,18.9,20.372,3.2220000000000004,106.81599999999999,63.72,13.802999999999999,0.5581427919958019,7.241977824780005,1622132.3469835566,7481084.101573385,14636095393131.602,2767104.832060575,Woodland
B_28_Grassland.edgelist,6.2747,5.759000000000001,16.768,33.347,51.84,25.293999999999997,3.2089999999999996,188.393,65.84,14.086000000000002,0.5361300809206178,7.827797554618196,849531.9025902967,5896915.259338141,10520751894670.51,1919280.770463404,Grassland
B_11_Woodland.edgelist,4.8296,4.244000000000001,11.768400000000002,62.08200000000001,19.66,24.572,3.388,98.338,67.46,13.82,0.5447228207243809,7.213191825729476,1668917.4164029127,7300791.333232467,12368533608237.766,2490928.467331257,Woodland
B_31_Woodland.edgelist,5.215799999999999,4.644,11.300899999999999,52.339000000000006,31.02,19.688000000000002,3.133,122.36900000000001,62.44,15.68,0.5695696758956608,7.374337577523478,1245295.7855019202,6829074.458574653,11771305559436.082,2679167.751021571,Woodland
B_0_Woodland.edgelist,5.074000000000001,4.4719999999999995,12.4716,66.126,24.88,19.503999999999998,3.5620000000000003,114.50200000000001,63.92,14.388,0.554052532714304,7.284602910163422,1660630.0611484635,7215150.921985383,13338532650194.88,2677037.067908307,Woodland
B_26_Grassland.edgelist,6.283399999999999,5.719999999999999,21.052400000000002,35.797999999999995,32.58,22.574,3.2560000000000002,276.546,70.38,16.103,0.5547943390853194,7.708314537224647,1075235.1449109777,5790014.357364806,11731762663494.12,1963202.46057992,Grassland
B_33_Woodland.edgelist,5.328400000000001,4.752,12.246000000000002,58.513999999999996,25.02,18.328,3.2340000000000004,122.642,54.52,14.817000000953671,0.5714901012331807,7.499146184257504,1213201.8409507505,6733988.862203324,13942757085926.195,2753824.5187965725,Woodland
B_16_Woodland.edgelist,5.0396,4.438,11.3654,57.135999999999996,26.36,20.868,2.9840000000000004,124.66799999999999,64.48,14.271000000953677,0.5498235926385177,7.287974906718445,1429077.9352577445,7372767.330472483,13141773310785.805,2606266.3346608235,Woodland
B_1_Woodland.edgelist,5.167800000000001,4.59,11.2976,59.556,19.14,19.08,3.3939999999999997,122.62800000000001,68.04,14.241999999999997,0.5542748872419933,7.368309210523369,1389062.240800054,6854360.42967856,13343125793921.102,2478375.3291126955,Woodland
B_35_Cropland.edgelist,7.0724,6.544,22.578400000000002,22.406000000000002,132.78,37.047999999999995,1.9760000000000002,236.338,46.12,17.908,0.5387417962615428,7.910675910863798,710922.5975175877,5833281.608614571,14372856080918.18,1995865.459236349,Cropland
B_26_Woodland.edgelist,5.0062,4.419999999999999,10.1336,55.782,19.54,20.354,3.0440000000000005,95.244,66.8,13.894000000953675,0.5470205028989605,7.3239579342373045,1417495.1621357235,7063002.1685619615,13534981695790.43,2659396.675560235,Woodland
B_15_Woodland.edgelist,4.883799999999999,4.27,11.071900000000001,70.005,1.84,19.78,3.425,112.92900000000002,64.94,14.128000000953673,0.5465049995490185,7.209258518788777,1632501.20282589,7197243.477348017,12991842454290.271,2540204.193128979,Woodland
B_32_Cropland.edgelist,6.7170000000000005,6.184000000000001,16.048199999999998,17.184,65.4,34.81,1.7200000000000002,210.83599999999998,53.92,16.462,0.5365355290958538,8.013085575264919,1241447.5586008404,6132903.807250109,15292431730083.266,2017461.7741147135,Cropland
B_24_Grassland.edgelist,6.375899999999999,5.835,16.7404,35.937,50.8,28.980000000000004,3.2070000000000003,203.611,59.94,15.273,0.5542658103615857,7.744571589250772,878272.428704472,5982543.745926356,12277609697471.818,2047390.9016278328,Grassland
B_28_Cropland.edgelist,7.199,6.642,17.753,17.014,152.3,37.324,1.72,289.17,47.38,17.088,0.5379993796594892,7.93260487768892,809850.2077887452,5847286.282723236,9965418348427.855,1912536.750005514,Cropland
B_14_Cropland.edgelist,6.871299999999999,6.332000000000002,18.586499999999997,17.66,115.29,43.19999999999999,1.7619999999999998,223.825,46.6,17.912,0.5477691610582933,7.88552008448788,722397.8360983316,5792837.030995798,10542556399126.877,1923986.4101682352,Cropland
B_1_Grassland.edgelist,6.5042,5.992000000000001,21.323599999999995,35.324,39.64,24.557999999999993,3.142,209.15400000000005,71.76,15.503,0.5518942335892255,7.786277160563169,961640.139812052,5918811.762949708,11349244829525.176,1944345.6171258444,Grassland
B_21_Woodland.edgelist,5.119000000000001,4.5600000000000005,11.1434,58.104,34.84,19.858,3.082,108.1,61.26,13.988000000000001,0.5641603178469581,7.287050042263079,1474086.1378150785,7076713.479400453,13634763124774.469,2530101.165222919,Woodland
B_29_Grassland.edgelist,6.214499999999999,5.659,17.773200000000003,31.187,62.84,24.736000000000004,3.041000000000001,175.935,73.22,14.231,0.5489057693711767,7.750443583518754,1053735.1486140983,6020074.435886962,11437671089531.246,1878047.2430131373,Grassland
B_34_Grassland.edgelist,6.429999999999999,5.9479999999999995,19.219199999999997,43.82999999999999,47.36,22.219999999999995,3.9360000000000004,220.446,68.5,14.799,0.5424155123194165,7.845356687364878,1057027.1983279118,5794302.365285208,12012673426318.75,1875041.749831376,Grassland
B_26_Cropland.edgelist,7.1942,6.679999999999999,19.216700000000003,16.919999999999998,120.82,36.363,1.7520000000000002,295.01,50.88,17.3,0.5170491586055684,7.978662687282414,807478.850371524,5774246.595483842,14455583845492.766,1989435.125328836,Cropland
B_13_Woodland.edgelist,5.0552,4.49,12.220799999999999,52.647999999999996,18.08,20.507999999999996,3.01,128.31599999999997,60.86,15.307,0.5647017483814403,7.375913850127125,1204189.7255174315,6790530.844616489,13520857453431.842,2511903.075139844,Woodland
B_23_Grassland.edgelist,6.4117,5.860999999999999,19.318,35.446999999999996,37.26,24.342,3.173,207.31499999999997,66.64,15.426000000000002,0.5590798207551427,7.743240495845814,1044056.6537452042,5825499.211898518,11896334888386.531,2067669.5480846416,Grassland
B_30_Grassland.edgelist,6.2200999999999995,5.705,20.278800000000004,32.923,38.56,24.827999999999996,3.1890000000000005,185.637,69.9,15.463000000000001,0.5514648683503349,7.678559013889543,1011952.393103277,5757821.876653549,10273190485760.824,1872734.5758253369,Grassland
B_10_Cropland.edgelist,6.8911,6.392,17.793599999999998,16.246,71.91,37.751,1.7079999999999997,239.90700000000004,44.86,17.993,0.5317659797473887,8.029469149658624,933867.1879553404,5960406.449657704,16027519371737.506,2158581.702765293,Cropland
B_18_Cropland.edgelist,7.098400000000001,6.531999999999999,17.601599999999998,18.74,116.82,43.836000000000006,1.7420000000000002,265.768,48.88,17.423,0.522586221314542,8.041755817357993,906030.3279017904,6115407.077409601,11988270368456.992,2045063.7766984703,Cropland
B_10_Woodland.edgelist,5.0882,4.4719999999999995,10.613,53.31400000000001,4.38,20.778000000000002,2.908,96.30199999999999,65.1,14.540000000000003,0.5546848353861095,7.290923916937604,1811708.549377706,7344183.828423071,13841154822133.438,2622003.4652794125,Woodland
B_36_Cropland.edgelist,6.969000000000001,6.398,16.6646,15.686,89.3,35.958,1.6000000000000003,252.59399999999997,49.8,17.212,0.5299485794979276,8.02843463243599,1249733.854385394,6166730.499882281,10125909452386.484,2068314.248412358,Cropland
B_27_Cropland.edgelist,7.0536,6.478,16.247799999999998,17.546,107.72,29.763999999999996,1.6880000000000002,221.974,45.72,17.4,0.5303277645843416,7.964090212512426,1193947.3117227932,6024785.085625805,11704800801479.809,2247609.575725035,Cropland
B_13_Cropland.edgelist,7.0758,6.548000000000001,16.9446,18.222,100.2,37.519999999999996,1.7860000000000003,258.29999999999995,47.48,17.642,0.5241840080476101,8.056572814094306,925272.7680133852,5918020.427851183,10846964237262.771,1996795.3627514844,Cropland
B_33_Cropland.edgelist,6.939400000000001,6.432000000000001,21.3472,21.302000000000003,93.0,42.816,1.9039999999999997,217.142,49.44,17.412,0.5342517298995254,8.00313300164935,921526.3781506112,6115743.27933738,13385972059733.2,2155621.563825469,Cropland
B_1_Cropland.edgelist,7.054200000000001,6.5280000000000005,16.972,16.368,99.58,38.126,1.722,256.65,52.42,17.339000000000002,0.5224724300833434,8.036823932594526,1010974.1139516968,5941551.06446354,15514044197455.53,2222815.2073166617,Cropland
B_31_Cropland.edgelist,7.096499999999999,6.598,18.162899999999997,17.012,90.91,38.018,1.77,257.59499999999997,49.02,17.691999999999997,0.5190362966273775,8.064094477244662,846484.2919257587,5980489.113459584,15654967665367.98,1992795.8797414252,Cropland
B_35_Grassland.edgelist,6.2622,5.784,21.5732,38.21,49.56,26.544000000000004,3.3139999999999996,219.84400000000002,64.56,15.487,0.557613093119316,7.768502939974496,1046945.8959632568,6060873.986328009,12798779821359.805,2191004.915755354,Grassland
B_20_Woodland.edgelist,5.320600000000001,4.736000000000001,11.310599999999999,50.032,27.52,18.924,3.0040000000000004,111.68799999999999,65.54,15.443,0.567661439903559,7.3748480164055055,1218220.7652791047,6920123.285983418,12273543026598.38,2464018.1653582877,Woodland
B_29_Cropland.edgelist,6.829400000000001,6.345999999999999,17.9096,19.516,94.04,47.508,2.0240000000000005,282.582,53.14,17.517,0.5434616719430008,7.9778029953791645,765606.1224741373,6149063.329062495,10363615865088.61,1963304.3192700024,Cropland
B_19_Woodland.edgelist,5.025200000000001,4.420000000000001,12.7018,75.93,20.8,20.433999999999997,4.244,132.62,65.5,13.665,0.559922458905789,7.187145877247568,1441709.422058196,7171993.067687999,14050749487426.451,2707285.05895222,Woodland
B_16_Cropland.edgelist,7.234799999999999,6.725999999999999,18.7167,17.281999999999996,109.46,29.925,1.6980000000000004,225.90000000000003,47.04,17.725,0.5156304474226695,7.986299115363196,710881.9351169296,5785189.494928593,10367153618359.783,1836452.0327053024,Cropland
B_25_Cropland.edgelist,7.044599999999999,6.556,23.1158,17.166,102.16,41.328,1.71,235.51800000000003,48.98,18.171,0.5342288929433209,7.917203975099532,982362.7851049528,5885839.96990675,13333687025957.154,2068806.8242467104,Cropland
B_17_Cropland.edgelist,7.1232,6.575999999999999,18.0136,20.136,123.68,42.982000000000006,2.0140000000000002,260.77,49.36,17.097,0.536685003401438,7.959585406680348,887537.9843586411,5954979.909436078,10196580998976.955,1960784.03579506,Cropland
B_11_Cropland.edgelist,6.962600000000001,6.419999999999999,18.9654,18.918000000000003,84.8,33.804,1.7760000000000002,273.372,50.2,18.232,0.544774397867661,7.947132867090415,996725.168426356,6027981.509830369,12811394900326.828,1984489.259826963,Cropland
B_13_Grassland.edgelist,6.236099999999999,5.7330000000000005,19.684400000000004,42.919,42.2,27.781999999999996,3.944999999999999,226.291,68.62,15.423,0.5405468988255241,7.742469076480551,952129.1211429506,5943889.14745032,12560225954070.44,2005515.7379524813,Grassland
B_21_Grassland.edgelist,6.395599999999999,5.876,21.524799999999995,36.15,45.78,25.24,3.2960000000000003,254.266,67.14,15.29,0.5505498671236331,7.8015956083702465,1062057.6581340467,5882757.995848176,10273656484428.412,2012503.8073937069,Grassland
B_23_Cropland.edgelist,7.1286000000000005,6.626,20.1168,17.064,120.98,35.318000000000005,1.6680000000000001,248.858,45.82,18.038,0.5367973903609485,7.921878705911683,886185.8760783166,5729474.814806521,15116525664438.916,2158885.9507448105,Cropland
B_24_Cropland.edgelist,7.060200000000001,6.504,20.813699999999997,15.834000000000001,92.86,40.685,1.6839999999999997,262.948,47.7,17.366,0.5288143562418195,8.008105360877657,1115131.4183125016,5852884.068559823,11914879703972.809,1992385.962648112,Cropland
B_21_Cropland.edgelist,6.989,6.486000000000001,18.1019,17.958,63.54,29.743000000000002,1.764,240.312,51.08,17.258999999999997,0.5176583355055601,8.048498305147172,990948.2153902218,6029851.125273695,12009627750608.85,2007235.1572222323,Cropland
B_10_Grassland.edgelist,6.4823,5.961,17.859399999999997,28.973000000000003,58.54,24.357999999999993,2.8229999999999995,195.799,69.18,15.274000000000001,0.5485719555268723,7.826540375404001,882780.1034769979,5829124.549352445,9736305375162.35,1886745.9277481032,Grassland
B_25_Grassland.edgelist,6.153099999999999,5.6610000000000005,19.4298,31.578999999999997,22.32,24.148000000000003,3.115,228.715,71.94,15.515999999999998,0.5424021889362808,7.769205822758579,1120951.1070236028,5857619.115856741,8682269898938.412,1842404.641140605,Grassland
B_12_Grassland.edgelist,6.3216,5.837999999999999,19.0774,41.93599999999999,38.92,22.958,3.716,199.61399999999995,71.94,15.127000000000002,0.5487398051846778,7.725741024712553,1206824.222821259,5976805.89165032,11955813558635.477,1898166.8534711185,Grassland
B_18_Grassland.edgelist,6.2884,5.795999999999999,18.625200000000003,33.32000000000001,45.44,25.17,3.03,222.012,65.1,15.597000000000001,0.5463653252285693,7.787834265653494,1030789.385283128,5753025.637689046,11897625526305.49,1958503.455141692,Grassland
B_12_Cropland.edgelist,7.0797,6.567999999999999,20.2112,16.810000000000002,76.29,38.281000000000006,1.6820000000000002,241.893,47.74,17.358,0.5288559764993915,7.978311130266679,881652.8828987658,5877388.451363048,10026516386653.152,1799241.8697096417,Cropland
B_22_Cropland.edgelist,7.0459000000000005,6.491999999999999,20.8314,16.482,102.69,35.675,1.6980000000000002,252.435,49.94,16.185,0.5342288659046305,7.938110193284646,1005798.5519233192,6024770.300205321,11022945004245.775,1958116.2770654652,Cropland
B_17_Grassland.edgelist,6.285799999999999,5.798000000000001,20.957800000000002,35.102,31.52,22.350000000000005,3.358,254.25599999999997,75.08,15.049,0.5487966914085145,7.787971166839841,932338.2756588672,5755330.724939593,10280781238837.465,1767810.8343686825,Grassland
B_14_Grassland.edgelist,6.394,5.9079999999999995,19.9028,38.528,35.7,26.05,3.4580000000000006,212.044,66.7,15.315999999999999,0.56333386482662,7.765783065585965,801332.5341731838,5739239.330888641,12439372412391.885,1951772.722815962,Grassland
B_0_Cropland.edgelist,7.052200000000002,6.561999999999999,17.0268,16.95,99.62,41.018,1.8079999999999998,295.12399999999997,49.08,16.840999999999998,0.5342944587947192,7.9448726213051115,937650.1277650872,5873030.832790655,12386864406726.63,1914428.672302452,Cropland
B_0_Grassland.edgelist,6.124099999999999,5.627000000000001,21.311999999999998,40.617000000000004,37.16,25.553999999999995,3.5410000000000004,243.72899999999998,71.0,15.069,0.5402905737157656,7.758750722271825,917731.6324747192,5918372.033165851,12401726262754.371,1963854.740403444,Grassland
B_11_Grassland.edgelist,6.3596,5.884000000000001,19.7788,37.62,40.68,24.22,3.508,260.3,69.34,14.48,0.5303658763269863,7.87671098633045,1086133.2493817213,6068050.952924017,12123491303270.312,1927242.214633736,Grassland
B_12_Woodland.edgelist,4.9794,4.364000000000001,9.217400000000001,47.391999999999996,22.8,19.650000000000002,2.734,106.31200000000001,62.48,15.126000000000001,0.5550720147098336,7.288571520205258,1434866.427422939,6946296.394646343,13390511349279.27,2686535.5332920603,Woodland
B_20_Grassland.edgelist,6.370000000000001,5.8759999999999994,19.641,37.017999999999994,51.1,24.648000000000003,3.4059999999999997,204.748,69.16,15.099,0.5585354051518631,7.828145279102948,983944.880508565,5852294.871976648,12279766430184.52,1937784.460372928,Grassland
B_19_Cropland.edgelist,6.9072,6.411999999999999,14.648400000000002,18.44,100.14,43.837999999999994,1.8340000000000003,208.75600000000003,48.44,17.851000000000003,0.5396751039561815,7.993840199585134,856711.9045228276,5824882.56299114,12072000866911.787,2109051.4981644526,Cropland
B_22_Grassland.edgelist,6.220700000000001,5.677,19.0992,37.48500000000001,44.48,23.748,3.3609999999999998,189.42899999999997,72.8,14.947999999999997,0.5606062735836417,7.695729033651356,861031.8566182696,6027752.200007196,11882072415621.729,1966271.6044380723,Grassland
B_15_Grassland.edgelist,6.3428,5.793999999999999,18.913,35.766,50.26,23.944000000000006,3.4419999999999997,193.968,74.82,14.702,0.5511348201452992,7.778151962066826,1077005.292695515,5887167.066934866,9714018634380.717,1819820.9744464231,Grassland
B_27_Grassland.edgelist,6.2886,5.797999999999999,22.174,32.132,63.26,25.640000000000004,3.034,226.79600000000002,73.82,14.882,0.5521142605416867,7.7736593619758025,977538.83447358,5903551.654807397,9352276731245.3,1792020.805271976,Grassland
B_16_Grassland.edgelist,6.239899999999999,5.6930000000000005,19.410400000000003,36.213,38.16,24.013999999999996,3.265,236.19500000000005,75.22,15.034,0.5436780799446624,7.755867919098441,1245607.2214097197,5916405.725203463,10325970392707.203,1901072.4391712449,Grassland
B_2_Grassland.edgelist,6.2046,5.733999999999998,19.9706,39.34400000000001,29.38,25.414,3.7,201.164,67.76,14.887999999999998,0.550948506685045,7.765164811473206,754400.932263146,5656178.672926987,8809665202569.67,1739542.1984677997,Grassland
B_19_Grassland.edgelist,6.4024,5.877999999999999,19.9708,35.848,54.08,21.507999999999996,3.3560000000000003,207.61,67.42,15.549000000000001,0.5576540336436827,7.74925881099885,922419.1236578708,5840958.827006793,11091033743446.184,1899725.7233770704,Grassland
B_20_Cropland.edgelist,6.9662,6.474000000000001,17.5315,19.954,91.0,35.602999999999994,2.0780000000000003,205.31599999999997,51.18,16.814,0.5339528824771176,7.990165424142034,1109184.4951281364,6106913.777230944,14589710947649.111,2194077.9566676198,Cropland
B_15_Cropland.edgelist,6.7808,6.2620000000000005,15.7021,18.332,94.12,40.080999999999996,1.76,229.69600000000003,50.12,17.455,0.5433074467154081,8.002458854576025,994009.1395697488,6004132.0643651895,10895449565470.902,2014878.577371336,Cropland
B_14_Woodland.edgelist,5.138400000000001,4.53,11.358600000000001,54.93600000000001,6.48,19.476,3.31,115.18,68.0,13.867,0.5530214948047922,7.415529651347579,1475534.5232527982,7058410.649059334,14026702631784.186,2542198.5751744243,Woodland
