,Network,Organism,Repeat,Environment,Node number,Edge number,Mean interaction coefficient,Degree heterogeneity,Network density,Clustering coefficient,Modularity (Q)
0,F_9_Null.edgelist,Fungi,9,Null,329,481,0.5117214792468281,1.5094521461931945,0.008914671213581436,0.01681864235055724,0.746511201478509
1,F_35_Null.edgelist,Fungi,35,Null,317,428,0.5285936544344074,1.5080062292856287,0.008545302080421674,0.00473186119873817,0.7644779512699981
2,F_38_Null.edgelist,Fungi,38,Null,325,415,0.5403588543513954,1.3342830009496676,0.00788224121557455,0.0011721611721611722,0.7984187272618573
3,F_8_Null.edgelist,Fungi,8,Null,382,550,0.523728152177859,1.3870360445781973,0.007557955779087824,0.0,0.7550372472172409
4,F_7_Null.edgelist,Fungi,7,Null,385,573,0.5182986321051183,1.5228896103896101,0.007751623376623377,0.00303030303030303,0.7476290603754188
5,F_31_Null.edgelist,Fungi,31,Null,319,416,0.5245812587602892,1.4088641785453755,0.008201731038425898,0.002089864158829676,0.7842591403454642
6,F_36_Null.edgelist,Fungi,36,Null,382,516,0.5376345762224994,1.4330158991906117,0.007090736694562394,0.00331588132635253,0.7681521785672745
7,F_37_Null.edgelist,Fungi,37,Null,337,433,0.5405035033593386,1.5375335594178323,0.00764801469549244,0.0,0.7989195200660355
8,F_27_Null.edgelist,Fungi,27,Null,361,443,0.5386967834332561,1.5597106802092953,0.006817482302246845,0.0,0.816434020890253
9,F_34_Null.edgelist,Fungi,34,Null,352,485,0.5367568721349719,1.6039562289562286,0.00785094535094535,0.0020833333333333333,0.7585341766638288
10,F_44_Null.edgelist,Fungi,44,Null,367,546,0.5182710018373023,1.5704352228227694,0.00812971813999196,0.0067211625794732065,0.7539592821605855
11,F_47_Null.edgelist,Fungi,47,Null,354,484,0.5243275899571598,1.4477041020470223,0.007746354891887134,0.008286252354048965,0.7616113857742041
12,F_20_Null.edgelist,Fungi,20,Null,342,476,0.5230890830332307,1.2961533844386135,0.00816312531083329,0.00594541910331384,0.7756656708163971
13,F_6_Null.edgelist,Fungi,6,Null,368,521,0.5302095980210325,1.6990581684634523,0.007715318090273664,0.004076086956521739,0.7629421521882714
14,F_3_Null.edgelist,Fungi,3,Null,382,584,0.51405559515996,1.6397191188797735,0.008025174863613253,0.0081151832460733,0.7300307937617808
15,F_10_Null.edgelist,Fungi,10,Null,367,443,0.5278504419957643,1.4673396763002338,0.006596089992704099,0.007629427792915532,0.8227128180226209
16,F_48_Null.edgelist,Fungi,48,Null,344,488,0.5139495922115225,1.41948606685199,0.008271747237100821,0.003682170542635659,0.7622574102813563
17,F_32_Null.edgelist,Fungi,32,Null,357,512,0.5225929723406388,1.4011582160954268,0.008057155446448243,0.014285714285714287,0.7671619932083686
18,F_49_Null.edgelist,Fungi,49,Null,358,514,0.5190513652291414,1.5240599032909254,0.00804344084002316,0.003910614525139664,0.7593644320793997
19,F_26_Null.edgelist,Fungi,26,Null,311,406,0.5208521359109629,1.4642671921999793,0.008422362825433046,0.003215434083601286,0.7923256079460861
20,F_11_Null.edgelist,Fungi,11,Null,327,487,0.5297719219499968,1.5915648862122662,0.00913678917843943,0.005344400757244795,0.7351354807068713
21,F_13_Null.edgelist,Fungi,13,Null,347,525,0.5232327279927533,1.4762039612866686,0.008745481501224367,0.006941585471844838,0.7366362852731223
22,F_2_Null.edgelist,Fungi,2,Null,391,560,0.5257739768115641,1.7636304019935736,0.007344743917633944,0.00843989769820972,0.7592540977516203
23,F_19_Null.edgelist,Fungi,19,Null,371,515,0.5208532987998145,1.4390034239090843,0.007503460333649013,0.0035938903863432163,0.7638966952991566
24,F_42_Null.edgelist,Fungi,42,Null,388,596,0.5165065485296497,1.5193265670369482,0.007938410719518368,0.007989690721649484,0.7288497679183826
25,F_17_Null.edgelist,Fungi,17,Null,362,509,0.527122438864799,1.792871244700877,0.0077899022053534535,0.010957642725598528,0.755727111711367
26,F_39_Null.edgelist,Fungi,39,Null,332,482,0.5110183535079503,1.561678739125687,0.008772249117315183,0.0037148594377510043,0.7257816812160776
27,F_45_Null.edgelist,Fungi,45,Null,388,636,0.5118207961949726,1.4675404246250565,0.008471189962439063,0.003350515463917525,0.7057299210473443
28,F_46_Null.edgelist,Fungi,46,Null,387,525,0.5279311648165135,1.3553440173514881,0.007028959312366952,0.005857019810508182,0.7835927726948747
29,F_14_Null.edgelist,Fungi,14,Null,372,539,0.5329040931108372,1.7146045271425676,0.007810914992899168,0.0045762928827444965,0.7426896550592854
30,F_28_Null.edgelist,Fungi,28,Null,342,501,0.5126664860237303,1.4672017286618306,0.008591860883881258,0.001949317738791423,0.7371501455070002
31,F_1_Null.edgelist,Fungi,1,Null,406,638,0.5193733400569346,1.4462081128747792,0.007760141093474427,0.009688013136288998,0.7399825196176606
32,F_0_Null.edgelist,Fungi,0,Null,389,578,0.5125232786256226,1.5533220258129488,0.0076590782604086605,0.012082262210796913,0.7522863844809443
33,F_4_Null.edgelist,Fungi,4,Null,353,487,0.5437020861328123,1.507194823590008,0.00783865567859902,0.0037771482530689327,0.768985997486914
34,F_30_Null.edgelist,Fungi,30,Null,384,537,0.5220064423085041,1.6296507832898173,0.007302545691906005,0.01267361111111111,0.7620874950723395
35,F_18_Null.edgelist,Fungi,18,Null,406,611,0.5121847635587418,1.476445904032111,0.007431733868515478,0.010790523105794043,0.7393673138917196
36,F_33_Null.edgelist,Fungi,33,Null,341,479,0.5199505156245402,1.5017940313955496,0.008262894600655511,0.006451612903225807,0.7599233516050033
37,F_16_Null.edgelist,Fungi,16,Null,385,549,0.5221605776117351,1.506669372294372,0.007426948051948052,0.005281385281385281,0.7559480420102477
38,F_29_Null.edgelist,Fungi,29,Null,347,483,0.5183402541350671,1.528293714913961,0.008045842981126417,0.009606147934678197,0.7634938408290868
39,F_40_Null.edgelist,Fungi,40,Null,360,483,0.5200858196195566,1.3479108635097492,0.007474466109563603,0.011666666666666667,0.7843943149646481
40,F_43_Null.edgelist,Fungi,43,Null,370,516,0.5201194026172304,1.4567933787445981,0.007558778290485607,0.012882882882882883,0.7775510481251859
41,F_41_Null.edgelist,Fungi,41,Null,322,461,0.5262138191190752,1.750740117257793,0.008920106035099941,0.0022182786157941433,0.751570281189461
42,F_12_Null.edgelist,Fungi,12,Null,380,566,0.522735211511143,1.477128176642133,0.007860019441744203,0.005526315789473685,0.7488566172811005
43,F_23_Null.edgelist,Fungi,23,Null,373,538,0.524917299052609,1.5700077834472022,0.007754619620052466,0.006523681858802501,0.7551675169037416
44,F_5_Null.edgelist,Fungi,5,Null,350,518,0.5131967159134972,1.3451002865329516,0.008481375358166189,0.0026666666666666666,0.7514083465258441
45,F_22_Null.edgelist,Fungi,22,Null,381,559,0.5189498389962642,1.4667357369802456,0.007722061058157204,0.011636045494313213,0.757978321243534
46,F_15_Null.edgelist,Fungi,15,Null,428,649,0.517690716132105,1.5352272975989845,0.007102365996191643,0.00868380062305296,0.7446305775154063
47,F_21_Null.edgelist,Fungi,21,Null,367,497,0.5303487297475549,1.403835559327586,0.007400128050505501,0.007992733878292461,0.7910441769306059
48,F_25_Null.edgelist,Fungi,25,Null,354,488,0.534920954116056,1.5158848289880122,0.007810374353803556,0.001694915254237288,0.7710178734183538
49,F_24_Null.edgelist,Fungi,24,Null,394,592,0.5059442526091412,1.567404192660906,0.007646504178452874,0.003637901861252115,0.7331588053558221
50,F_9_Woodland.edgelist,Fungi,9,Woodland,325,466,0.5282051962102184,1.7447863247863247,0.008850902184235518,0.0103003663003663,0.7507314077697793
51,F_8_Grassland.edgelist,Fungi,8,Grassland,400,531,0.5366667387209807,1.630050125313283,0.006654135338345865,0.004916666666666666,0.7959713095657708
52,F_6_Woodland.edgelist,Fungi,6,Woodland,415,605,0.5197640326406785,1.6184738955823295,0.0070426634072521975,0.00465863453815261,0.7553910501627726
53,F_6_Grassland.edgelist,Fungi,6,Grassland,434,586,0.5277987028065109,1.692979001926331,0.006236630091208054,0.00944700460829493,0.7838681615527032
54,F_5_Grassland.edgelist,Fungi,5,Grassland,445,597,0.5247970069331891,1.6583864763640042,0.006043121773458852,0.00456928838951311,0.7901003485206749
55,F_7_Grassland.edgelist,Fungi,7,Grassland,423,573,0.5308445299697546,1.538469295149743,0.006419952270511915,0.011505122143420015,0.7846415366000796
56,F_38_Grassland.edgelist,Fungi,38,Grassland,463,601,0.5352878700808062,1.8256991388740849,0.005619290716482941,0.005718399670883473,0.8000837319618155
57,F_38_Woodland.edgelist,Fungi,38,Woodland,450,718,0.5165095600276374,1.7718584508784954,0.007107151695124969,0.010031746031746032,0.72508170371642
58,F_49_Woodland.edgelist,Fungi,49,Woodland,384,602,0.5114566522309307,1.61085726718886,0.008186466492602263,0.008579282407407407,0.7261033062316378
59,F_37_Woodland.edgelist,Fungi,37,Woodland,409,604,0.5253811219291019,1.6277386260127527,0.007239081451651566,0.0017464198393293746,0.725084887371699
60,F_49_Grassland.edgelist,Fungi,49,Grassland,381,511,0.5328223583627713,1.5436109959939217,0.007058986047796657,0.0014873140857392826,0.7770383615825431
61,F_4_Grassland.edgelist,Fungi,4,Grassland,432,600,0.5306928649962904,1.6813611755607114,0.006444960041247744,0.007870370370370371,0.7680087227408028
62,F_48_Grassland.edgelist,Fungi,48,Grassland,352,465,0.5344782561959177,1.5866032116032116,0.007527195027195027,0.00771103896103896,0.7933109752166334
63,F_35_Woodland.edgelist,Fungi,35,Woodland,377,572,0.5215653353953809,1.7408290535583273,0.008070432868672046,0.008134394341290893,0.728388776637857
64,F_36_Grassland.edgelist,Fungi,36,Grassland,435,608,0.532172929793171,1.6930663700407862,0.006441019121775518,0.016562671045429665,0.7818433080248444
65,F_39_Grassland.edgelist,Fungi,39,Grassland,424,603,0.5306379543400639,1.715665283910968,0.006724207145724609,0.00883872416891285,0.7744567764179278
66,F_37_Grassland.edgelist,Fungi,37,Grassland,391,536,0.5286300146452285,1.663873040855138,0.007029969178306774,0.0,0.778142994134679
67,F_37_Cropland.edgelist,Fungi,37,Cropland,467,665,0.5144904180915548,1.5240462820854508,0.0061115144608541415,0.0,0.757590438725336
68,F_35_Grassland.edgelist,Fungi,35,Grassland,381,498,0.5394956184169398,1.6375880646498135,0.006879403232490675,0.00712410948631421,0.7933387897371385
69,F_38_Cropland.edgelist,Fungi,38,Cropland,541,810,0.5197685620630601,1.7907099335934826,0.005545286506469501,0.0036968576709796672,0.7238103592234152
70,F_7_Woodland.edgelist,Fungi,7,Woodland,423,646,0.5199571323998523,1.601301917022397,0.007237851948954097,0.005594956658786445,0.738709970788527
71,F_8_Woodland.edgelist,Fungi,8,Woodland,439,685,0.5236074680811791,1.6269437596862941,0.007124951893572981,0.003037205770690964,0.7278618112441511
72,F_5_Woodland.edgelist,Fungi,5,Woodland,416,650,0.5186954646454869,1.6855421686746987,0.007530120481927711,0.009054487179487182,0.7298741993690939
73,F_39_Woodland.edgelist,Fungi,39,Woodland,408,621,0.5331317007387774,1.6638965168376934,0.007479404538228067,0.0035189075630252106,0.7389473164395457
74,F_34_Grassland.edgelist,Fungi,34,Grassland,402,542,0.5339065071551694,1.5884666443344377,0.006724482326522003,0.0020729684908789383,0.7780533618147593
75,F_36_Cropland.edgelist,Fungi,36,Cropland,512,765,0.5065036643241203,1.780684319960861,0.005847908512720157,0.001171875,0.7264172353232908
76,F_34_Woodland.edgelist,Fungi,34,Woodland,443,651,0.5318159135267169,1.6591728547644098,0.006649438730171701,0.006202300333225841,0.7418400717829696
77,F_47_Cropland.edgelist,Fungi,47,Cropland,457,592,0.5240277501975352,1.6808802641176248,0.005681600061422703,0.004886943836615609,0.791865586796092
78,F_33_Woodland.edgelist,Fungi,33,Woodland,362,512,0.5464647354637091,1.5218316217994827,0.007835815184952787,0.004880294659300184,0.7565947130927442
79,F_47_Grassland.edgelist,Fungi,47,Grassland,403,562,0.5138550816066697,1.5648556226312604,0.006938014641433034,0.006156209382015832,0.760927860500737
80,F_3_Cropland.edgelist,Fungi,3,Cropland,508,744,0.511091015442887,1.7858951063069777,0.00577738433583376,0.0,0.7311161756353617
81,F_34_Cropland.edgelist,Fungi,34,Cropland,508,742,0.517337964884057,1.804438646352638,0.005761853732780444,0.0032714660667416576,0.7433831190439134
82,F_7_Cropland.edgelist,Fungi,7,Cropland,540,801,0.5132694453244983,1.7131725417439705,0.005504019789734076,0.003395061728395062,0.7410687564630175
83,F_40_Grassland.edgelist,Fungi,40,Grassland,444,591,0.5218502960815832,1.5063754499420414,0.006009395399914587,0.0018768768768768766,0.8040101569434801
84,F_31_Woodland.edgelist,Fungi,31,Woodland,391,584,0.522359577950941,1.417784772771985,0.007659518656961112,0.006905370843989769,0.7521314260066709
85,F_31_Grassland.edgelist,Fungi,31,Grassland,377,480,0.5234615103165867,1.4346746430385462,0.006772391218466053,0.008753315649867373,0.8110420155451501
86,F_4_Woodland.edgelist,Fungi,4,Woodland,352,468,0.5225247650810491,1.5187775187775185,0.007575757575757576,0.00928030303030303,0.7781309470150195
87,F_45_Cropland.edgelist,Fungi,45,Cropland,469,642,0.5083487188999,1.6896196672316073,0.005849871521513313,0.003056147832267235,0.7756354889350926
88,F_32_Woodland.edgelist,Fungi,32,Woodland,398,593,0.5054519268941652,1.5713833651886635,0.00750604407427566,0.0061139028475711895,0.750198637318562
89,F_47_Woodland.edgelist,Fungi,47,Woodland,446,699,0.5149279072528015,1.5863556204968003,0.007043885725802388,0.009972240017083064,0.7200989997686204
90,F_48_Woodland.edgelist,Fungi,48,Woodland,474,765,0.5147921959475236,1.651992399710975,0.006824203173923515,0.003727144866385373,0.703262632442468
91,F_43_Woodland.edgelist,Fungi,43,Woodland,398,610,0.5135585376110945,1.8193992633191143,0.007721225776236345,0.008291457286432161,0.7293174540402433
92,F_45_Woodland.edgelist,Fungi,45,Woodland,380,575,0.5060424499309764,1.5032634356339398,0.007985002083044021,0.010789473684210526,0.7346994627168437
93,F_33_Cropland.edgelist,Fungi,33,Cropland,521,752,0.5241149219934832,1.8621511885427435,0.005551454303853536,0.0070651677177588895,0.7495254914204801
94,F_41_Grassland.edgelist,Fungi,41,Grassland,373,516,0.5235147631620413,1.5825477817175473,0.007437516215515005,0.0013404825737265416,0.775588413836819
95,F_28_Grassland.edgelist,Fungi,28,Grassland,442,592,0.5322754304735451,1.6607258287930557,0.00607422456161952,0.01441107911696147,0.7889406259065519
96,F_42_Grassland.edgelist,Fungi,42,Grassland,381,510,0.5270809597152439,1.4718193120596765,0.007045171985080812,0.0069491313585801785,0.7901786766506887
97,F_3_Grassland.edgelist,Fungi,3,Grassland,397,546,0.5196475958206749,1.5916978347708832,0.006946034653843218,0.023257766582703603,0.7835161848300112
98,F_33_Grassland.edgelist,Fungi,33,Grassland,393,547,0.5245617045594518,1.6036116736771042,0.007101313807965934,0.009923664122137405,0.7746103237166112
99,F_36_Woodland.edgelist,Fungi,36,Woodland,373,572,0.5224999982671793,1.8530225719968867,0.008244688517973997,0.0016085790884718498,0.7211640715979971
100,F_2_Grassland.edgelist,Fungi,2,Grassland,352,443,0.5352532913945113,1.4185120435120435,0.007171069671069671,0.0021780303030303027,0.8148625337569361
101,F_49_Cropland.edgelist,Fungi,49,Cropland,503,701,0.5166065978905626,2.0801565111324085,0.005552343310654005,0.002054340622929092,0.7604222292428088
102,F_26_Woodland.edgelist,Fungi,26,Woodland,335,437,0.5392315464860291,1.5502189650549647,0.007811243185271249,0.009452736318407961,0.7865730933939873
103,F_3_Woodland.edgelist,Fungi,3,Woodland,348,519,0.5150010778358824,1.8729007254297922,0.008595846169134454,0.0035440613026819926,0.742005759202115
104,F_30_Grassland.edgelist,Fungi,30,Grassland,382,498,0.5246024795998337,1.5881876022041748,0.00684338541451952,0.003926701570680628,0.7922366716988667
105,F_46_Grassland.edgelist,Fungi,46,Grassland,422,595,0.5350508148422013,1.6444484470511418,0.0066981121455347795,0.007740916271721959,0.7632231049833742
106,F_25_Woodland.edgelist,Fungi,25,Woodland,339,470,0.5337899485656779,1.6316873505437153,0.008203731825243057,0.006391347099311701,0.7522948832422731
107,F_46_Woodland.edgelist,Fungi,46,Woodland,405,604,0.5336176649113035,1.5120767632318786,0.00738296051827405,0.006455026455026455,0.7388391231179895
108,F_32_Grassland.edgelist,Fungi,32,Grassland,363,473,0.5463142481500282,1.686924493554328,0.007199062447681232,0.004591368227731864,0.7952887610430387
109,F_39_Cropland.edgelist,Fungi,39,Cropland,548,819,0.5082873336144933,1.7695325531432233,0.005464444414790696,0.001094890510948905,0.7263531503169239
110,F_6_Cropland.edgelist,Fungi,6,Cropland,485,692,0.5099471577952673,1.8318309619153104,0.005895884808724546,0.0,0.7481416902508679
111,F_2_Woodland.edgelist,Fungi,2,Woodland,429,697,0.5162258775781289,1.757739145589613,0.007592096377143106,0.007614607614607615,0.7125518274940972
112,F_40_Woodland.edgelist,Fungi,40,Woodland,429,670,0.5237311354013783,1.8515238655425568,0.00729799795220356,0.0,0.7148537658657313
113,F_27_Woodland.edgelist,Fungi,27,Woodland,445,574,0.5422129315819569,1.4108513007389412,0.005810304686709181,0.0018726591760299624,0.7954410122622222
114,F_26_Cropland.edgelist,Fungi,26,Cropland,482,674,0.5103701005774444,1.7049369829452816,0.005814304569491291,0.0012448132780082987,0.7541348089373858
115,F_35_Cropland.edgelist,Fungi,35,Cropland,478,697,0.5196700608330032,1.9175109426944905,0.00611387419629308,0.014076509264793782,0.7399548680253846
116,F_29_Woodland.edgelist,Fungi,29,Woodland,417,624,0.5083265024341203,1.4831211953514112,0.007194244604316547,0.005435651478816947,0.7477574335649402
117,F_24_Grassland.edgelist,Fungi,24,Grassland,363,464,0.5215290599393738,1.4077134986225897,0.0070620824011080165,0.013314967860422407,0.8095111960860437
118,F_29_Cropland.edgelist,Fungi,29,Cropland,505,762,0.5015966468568341,1.715951595159516,0.005987741631305988,0.003856671381423857,0.7291104121213732
119,F_9_Grassland.edgelist,Fungi,9,Grassland,362,504,0.5204122559486318,1.587793269157191,0.0077133805726878986,0.01657458563535912,0.7695632190925144
120,F_43_Grassland.edgelist,Fungi,43,Grassland,402,550,0.5276286293784559,1.5263086065929703,0.006823736678204985,0.004892205638474295,0.7909449340228311
121,F_44_Cropland.edgelist,Fungi,44,Cropland,501,715,0.5318964026404045,1.7487265469061875,0.005708582834331337,0.006349206349206349,0.7511267588463446
122,F_27_Grassland.edgelist,Fungi,27,Grassland,355,464,0.5346640644463372,1.474942309222567,0.007384419511418795,0.013708920187793426,0.804914744980163
123,F_29_Grassland.edgelist,Fungi,29,Grassland,419,572,0.538017947379067,1.4414475111623712,0.006531842733324959,0.005171042163882259,0.7759888518972587
124,F_28_Woodland.edgelist,Fungi,28,Woodland,553,883,0.5154750421391978,1.826624210498729,0.00578530806929266,0.0059373116335141645,0.7130924983885659
125,F_45_Grassland.edgelist,Fungi,45,Grassland,417,597,0.533230343479427,1.5557899833978972,0.006882955174322081,0.010945529290853032,0.7620325207152152
126,F_22_Cropland.edgelist,Fungi,22,Cropland,466,652,0.5180274217448712,1.9377174765794452,0.006017813466242097,0.0068260780707132636,0.7671907235274732
127,F_30_Woodland.edgelist,Fungi,30,Woodland,442,698,0.5127532524033291,1.6755420116764657,0.007161839094612204,0.0035444947209653088,0.7408940967631629
128,F_1_Woodland.edgelist,Fungi,1,Woodland,357,505,0.5238264428481717,1.6982500865514745,0.007946999024328832,0.005415499533146592,0.7603277014248392
129,F_31_Cropland.edgelist,Fungi,31,Cropland,492,686,0.5148352969359539,1.7026807742619174,0.0056794661632970705,0.002235772357723577,0.7587207625437133
130,F_42_Woodland.edgelist,Fungi,42,Woodland,368,518,0.547122347498866,1.6442364648738304,0.007670892074398768,0.0,0.7630238475121032
131,F_40_Cropland.edgelist,Fungi,40,Cropland,503,703,0.523938636384973,1.912168423720625,0.005568184518387682,0.0019502035406607971,0.7543722205531338
132,F_44_Woodland.edgelist,Fungi,44,Woodland,330,456,0.5308882076450251,1.4637192594639405,0.008400110527770102,0.002323232323232323,0.7780228303978224
133,F_41_Woodland.edgelist,Fungi,41,Woodland,524,795,0.5159974204714197,1.658473574358151,0.005801818632960168,0.009033078880407124,0.7412465521733215
134,F_48_Cropland.edgelist,Fungi,48,Cropland,457,645,0.525716224991429,1.6856213290337443,0.006190256823678452,0.006960508492237158,0.7656311052132765
135,F_30_Cropland.edgelist,Fungi,30,Cropland,502,774,0.5004924777203519,1.7814092929678493,0.006155020636018799,0.0024568393094289505,0.7200023826259101
136,F_26_Grassland.edgelist,Fungi,26,Grassland,390,533,0.533240299511572,1.6819194515852616,0.0070265638389031704,0.00965811965811966,0.7722067606879606
137,F_20_Woodland.edgelist,Fungi,20,Woodland,438,665,0.5248452190320032,1.3579302634191195,0.006948580504268414,0.006697108066971081,0.7343202951638609
138,F_19_Grassland.edgelist,Fungi,19,Grassland,426,609,0.5235610527934169,1.4812924606462303,0.006727423363711682,0.00563380281690141,0.7572584747742813
139,F_32_Cropland.edgelist,Fungi,32,Cropland,551,817,0.5142711653939417,1.7242633228840125,0.005391849529780565,0.0012099213551119176,0.7426657044410587
140,F_43_Cropland.edgelist,Fungi,43,Cropland,509,748,0.5084548972136251,2.1124251659112354,0.005785622573209783,0.0,0.7343004227016734
141,F_46_Cropland.edgelist,Fungi,46,Cropland,487,707,0.528511752226961,2.0914898471366645,0.005974260822538258,0.012941233988461915,0.7302839986972268
142,F_42_Cropland.edgelist,Fungi,42,Cropland,484,690,0.5368500948509461,2.002669267491402,0.0059031877213695395,0.010847107438016527,0.762221246122475
143,F_24_Woodland.edgelist,Fungi,24,Woodland,414,621,0.5202084554381982,1.6803874092009685,0.007263922518159807,0.0050724637681159425,0.745121212871453
144,F_44_Grassland.edgelist,Fungi,44,Grassland,382,517,0.5381514271883429,1.6618433167058309,0.007104478432342554,0.004799301919720768,0.7839203437113932
145,F_12_Woodland.edgelist,Fungi,12,Woodland,394,522,0.5397660939579697,1.5971118947055707,0.006742356724919595,0.008460236886632827,0.7891196061651063
146,F_22_Grassland.edgelist,Fungi,22,Grassland,416,595,0.5235844306013411,1.5756950880444855,0.006892956441149212,0.010416666666666666,0.7620481748176773
147,F_21_Cropland.edgelist,Fungi,21,Cropland,483,680,0.5278640684787658,1.7190879960138483,0.005841773837444052,0.007759045647244406,0.7534846518095467
148,F_1_Cropland.edgelist,Fungi,1,Cropland,517,769,0.517386456184794,1.912157197906827,0.005765222737018878,0.0008381689232753063,0.7266629900771912
149,F_15_Woodland.edgelist,Fungi,15,Woodland,398,535,0.5478373903707645,1.6558358543346459,0.0067718947381744995,0.015195022732711174,0.7809504560868906
150,F_41_Cropland.edgelist,Fungi,41,Cropland,513,754,0.5230799822589463,1.9592318469785575,0.005741349902534113,0.0029239766081871343,0.7413177989105649
151,F_28_Cropland.edgelist,Fungi,28,Cropland,473,681,0.5042145016918378,1.8180743182714016,0.00610061991615007,0.007822410147991544,0.7457852887725015
152,F_23_Cropland.edgelist,Fungi,23,Cropland,505,732,0.5338776993002949,1.9243045733144741,0.005752003771805752,0.0018764733616218761,0.742004164516842
153,F_25_Grassland.edgelist,Fungi,25,Grassland,430,594,0.5424161740006499,1.7897544316148966,0.0064400715563506265,0.0025581395348837207,0.7702560321329801
154,F_12_Grassland.edgelist,Fungi,12,Grassland,426,581,0.5330984801499544,1.770383871858603,0.0064181165423916045,0.005952380952380951,0.775951651976099
155,F_23_Woodland.edgelist,Fungi,23,Woodland,440,708,0.5114567534141911,1.6242700352039758,0.007330710291985919,0.00774891774891775,0.7086017899036784
156,F_21_Grassland.edgelist,Fungi,21,Grassland,396,533,0.5260577003362021,1.5858585858585856,0.006814985295997954,0.0031986531986531986,0.7817294198198232
157,F_1_Grassland.edgelist,Fungi,1,Grassland,359,473,0.5295047329405093,1.299435116166882,0.007360607522447518,0.011089003846664013,0.7869696104016305
158,F_14_Grassland.edgelist,Fungi,14,Grassland,347,456,0.5242517099353846,1.6388532591494394,0.007596075361063451,0.005091258405379443,0.778824478312942
159,F_24_Cropland.edgelist,Fungi,24,Cropland,484,691,0.5190857299297121,1.6560580394572493,0.005911743065893264,0.0038452708907254357,0.7556708224335024
160,F_27_Cropland.edgelist,Fungi,27,Cropland,526,784,0.5160674059747709,1.763447401774398,0.005678073510773131,0.0022179974651457537,0.7336635973848359
161,F_20_Grassland.edgelist,Fungi,20,Grassland,398,566,0.5186416205033456,1.698593724288951,0.007164284900573396,0.010810002392916965,0.7630776510794242
162,F_14_Woodland.edgelist,Fungi,14,Woodland,404,608,0.519261969152115,1.49369825320001,0.007468736948136501,0.004854235423542354,0.7416991282341485
163,F_11_Woodland.edgelist,Fungi,11,Woodland,441,658,0.5311574305983591,1.6338383838383839,0.0067821067821067825,0.011067919231184536,0.7308187840717845
164,F_0_Woodland.edgelist,Fungi,0,Woodland,386,526,0.5335739445707294,1.6127043940515444,0.0070789314312630375,0.011053540587219343,0.7676087418675838
165,F_17_Grassland.edgelist,Fungi,17,Grassland,416,536,0.5491010035793091,1.64708063021316,0.006209453197405005,0.0008814102564102565,0.8058409040026802
166,F_18_Grassland.edgelist,Fungi,18,Grassland,370,477,0.5320992293365236,1.4044092873361167,0.006987475280158207,0.0,0.8183165800972886
167,F_18_Woodland.edgelist,Fungi,18,Woodland,410,627,0.5251731732050532,1.5173474864332996,0.007478084560796708,0.010197444831591174,0.742303167885795
168,F_21_Woodland.edgelist,Fungi,21,Woodland,403,629,0.5210916286275213,1.5349308050319124,0.0077651445008209575,0.00926385442514475,0.7132089638013467
169,F_23_Grassland.edgelist,Fungi,23,Grassland,388,520,0.5129184460129425,1.2877807080636137,0.006926130157969046,0.0019759450171821305,0.7841373277745962
170,F_17_Woodland.edgelist,Fungi,17,Woodland,363,532,0.5229739573291698,1.5339177815320455,0.008097042752994535,0.004683195592286501,0.7390787436484523
171,F_22_Woodland.edgelist,Fungi,22,Woodland,496,777,0.5219473446471652,1.784278266536331,0.006329423264907136,0.004464285714285715,0.734018698747017
172,F_19_Woodland.edgelist,Fungi,19,Woodland,365,456,0.5431413973948324,1.3166189974409153,0.006864368508204125,0.012328767123287671,0.808965894500952
173,F_0_Cropland.edgelist,Fungi,0,Cropland,489,683,0.5101180138752119,1.7912685641489825,0.005724295149016058,0.0022592267991040998,0.7590153870237893
174,F_12_Cropland.edgelist,Fungi,12,Cropland,461,641,0.5293820926442234,1.7975478638121287,0.006045458832405923,0.0,0.7671021346465778
175,F_2_Cropland.edgelist,Fungi,2,Cropland,539,834,0.505345209889391,1.8441903290549069,0.005752081163658434,0.0013031186500574255,0.7164480384065944
176,F_16_Woodland.edgelist,Fungi,16,Woodland,414,623,0.5222969546571765,1.685136447111392,0.007287316793580611,0.0008856682769726249,0.7350199298170663
177,F_10_Grassland.edgelist,Fungi,10,Grassland,445,602,0.519261224095317,1.636117015892297,0.006093734183621824,0.004269662921348315,0.7756877493495635
178,F_25_Cropland.edgelist,Fungi,25,Cropland,532,776,0.5257005256868613,1.8726194016113733,0.005493960890927884,0.007339778016469746,0.7543949100041304
179,F_11_Cropland.edgelist,Fungi,11,Cropland,489,697,0.5132076567571063,1.8198816587884272,0.005841630627912434,0.005755185509786737,0.7630698555202692
180,F_15_Grassland.edgelist,Fungi,15,Grassland,367,461,0.5270084595554329,1.4308601718259109,0.0068641026786379,0.0,0.8067525626058376
181,F_9_Cropland.edgelist,Fungi,9,Cropland,528,756,0.5125643357728829,1.8181818181818183,0.005433845092289115,0.006392797017797018,0.7538720651049227
182,F_8_Cropland.edgelist,Fungi,8,Cropland,512,766,0.5276932010907198,1.7142245596868884,0.005855552837573386,0.005273437500000001,0.7361211505422045
183,F_19_Cropland.edgelist,Fungi,19,Cropland,460,629,0.5175677381413412,1.6462820877143125,0.005958132045088567,0.0010144927536231885,0.7702441825069402
184,F_13_Grassland.edgelist,Fungi,13,Grassland,391,530,0.5213662623736073,1.703442848711391,0.006951275493474982,0.004774083546462064,0.7840354257124336
185,F_20_Cropland.edgelist,Fungi,20,Cropland,481,690,0.5192991728625471,1.7140592515592519,0.0059771309771309775,0.0,0.7401152472161644
186,F_16_Grassland.edgelist,Fungi,16,Grassland,436,593,0.5233227717752732,1.7100284720025307,0.0062532953706632925,0.007568807339449541,0.7765219732465438
187,F_11_Grassland.edgelist,Fungi,11,Grassland,384,493,0.552207591132435,1.5672051784160137,0.006704199303742385,0.001736111111111111,0.798008427758936
188,F_13_Woodland.edgelist,Fungi,13,Woodland,388,577,0.516800032795393,1.6789205892538424,0.007685340579131037,0.016237113402061853,0.7595519494075595
189,F_4_Cropland.edgelist,Fungi,4,Cropland,508,739,0.5185914677960994,1.8694963425429807,0.005738557828200469,0.0,0.7418749239010344
190,F_0_Grassland.edgelist,Fungi,0,Grassland,423,560,0.5396516889403044,1.6505103469911373,0.006274298903118102,0.002285263987391647,0.7996702141546242
191,F_14_Cropland.edgelist,Fungi,14,Cropland,540,807,0.5122727210118291,2.014718614718615,0.005545248402391259,0.006384479717813051,0.7303783607260292
192,F_16_Cropland.edgelist,Fungi,16,Cropland,520,724,0.5020362397456909,1.7878168074699867,0.005365347561879354,0.0,0.7615213458792525
193,F_5_Cropland.edgelist,Fungi,5,Cropland,523,749,0.5167221101365705,1.8263627905613795,0.005487058892478553,0.002931803696622052,0.7607378126981792
194,F_17_Cropland.edgelist,Fungi,17,Cropland,533,826,0.5095329097298698,1.943101186361777,0.00582600967710082,0.0010631644777986241,0.7132950829147852
195,F_13_Cropland.edgelist,Fungi,13,Cropland,541,831,0.5129665273212723,1.918867666187444,0.005689053193674265,0.005818149810756095,0.7312596724269693
196,F_18_Cropland.edgelist,Fungi,18,Cropland,535,820,0.5016162107744054,1.817809513808674,0.005740487941475025,0.0031152647975077885,0.7119244252939064
197,F_10_Cropland.edgelist,Fungi,10,Cropland,489,694,0.5279335868741659,1.877535284454725,0.005816487311006068,0.0010224948875255625,0.7465733910929554
198,F_10_Woodland.edgelist,Fungi,10,Woodland,447,731,0.5079555246278991,1.7808208184107301,0.007333393525345853,0.0061947374027910935,0.7181166571760255
199,F_15_Cropland.edgelist,Fungi,15,Cropland,565,875,0.5191287331514243,2.0454716625870835,0.005491746689261281,0.0031774125579435313,0.7119413612215196
200,B_6_Woodland.edgelist,Bacteria,6,Woodland,34614,88938,0.45739249864338183,2.734715519265326,0.0001484657658631772,0.0023641250283649427,0.6229690482317066
201,B_43_Woodland.edgelist,Bacteria,43,Woodland,33629,82030,0.4722724243128538,2.456963978823878,0.0001450733752056985,0.004036501674700842,0.6599497982039432
202,B_9_Woodland.edgelist,Bacteria,9,Woodland,32515,80212,0.47429533050885636,2.3977579678921543,0.0001517452764122825,0.00387758498784179,0.6661041010768421
203,B_8_Woodland.edgelist,Bacteria,8,Woodland,30482,74182,0.47285438089480686,2.475540761208367,0.0001596819634340272,0.0041025352351322895,0.6600799338736139
204,B_41_Woodland.edgelist,Bacteria,41,Woodland,31030,74514,0.47340733029870624,2.474722762807515,0.0001547812387665123,0.003807606437319609,0.663456503382916
205,B_5_Woodland.edgelist,Bacteria,5,Woodland,35114,82940,0.4671010789871162,2.572664369406253,0.00013453825343240719,0.0031319920167673224,0.6615133362627342
206,B_48_Woodland.edgelist,Bacteria,48,Woodland,30164,74155,0.47127047953978524,2.4930258410362796,0.00016300726798970346,0.0034015898274617315,0.639817957429446
207,B_42_Woodland.edgelist,Bacteria,42,Woodland,32971,80285,0.47017104680336713,2.3801671172009162,0.00014771117092844717,0.0033184474814998604,0.6608116795500719
208,B_40_Woodland.edgelist,Bacteria,40,Woodland,32969,81385,0.47307668053659974,2.4230285074588864,0.00014975315726245789,0.0043049885902262195,0.6575633246840065
209,B_42_Grassland.edgelist,Bacteria,42,Grassland,40628,103370,0.4618593719452529,2.6542203010732823,0.00012525189753595555,0.00244643173657647,0.6498083185955836
210,B_7_Woodland.edgelist,Bacteria,7,Woodland,35113,86332,0.4710905072624671,2.4692789462075693,0.00014004844574419195,0.003483667521664174,0.6582496788397029
211,B_32_Null.edgelist,Bacteria,32,Null,41691,108386,0.4605853775742543,2.688266472049309,0.00012471795387300965,0.002552798875746279,0.6327776372632754
212,B_7_Cropland.edgelist,Bacteria,7,Cropland,41561,107187,0.455056904934019,2.972250352977924,0.00012411108835722504,0.001791931885048037,0.6137310713005567
213,B_18_Null.edgelist,Bacteria,18,Null,43452,115938,0.45654160295592405,2.645775678483798,0.00012281354095844939,0.002401704742218418,0.638927076547211
214,B_49_Woodland.edgelist,Bacteria,49,Woodland,34576,87326,0.4744212989729986,2.4933965589295286,0.00014609542795557747,0.0041478403723891645,0.6528708445665307
215,B_37_Woodland.edgelist,Bacteria,37,Woodland,33932,86511,0.45709466544729815,2.7168928505507015,0.00015027793209658173,0.002244090081529676,0.6375149550236611
216,B_38_Grassland.edgelist,Bacteria,38,Grassland,38815,97482,0.4566403206991735,2.8529561182477967,0.00012940958202405564,0.0017371330059723828,0.6146822410665009
217,B_45_Woodland.edgelist,Bacteria,45,Woodland,32882,83212,0.4695893377720098,2.543007934007773,0.00015392625880402216,0.0035538259292897077,0.653594347948982
218,B_36_Woodland.edgelist,Bacteria,36,Woodland,35430,91670,0.46122150936202305,2.6181529477164402,0.0001460586157427336,0.0027979484372371837,0.6465118217205001
219,B_4_Woodland.edgelist,Bacteria,4,Woodland,33981,84246,0.47323408917199256,2.4934739419783436,0.00014592165801756164,0.004279362149936856,0.6450164971226721
220,B_43_Cropland.edgelist,Bacteria,43,Cropland,39990,105074,0.4520409412387982,2.7922020991381533,0.0001314114819935072,0.0016486805684105127,0.6098335547480479
221,B_39_Woodland.edgelist,Bacteria,39,Woodland,34982,84348,0.470366038193486,2.524975872827398,0.00013785671616362038,0.0033168154430518,0.6632402509276054
222,B_43_Grassland.edgelist,Bacteria,43,Grassland,38845,99313,0.4574480664148392,2.752507012448671,0.00013163671183574196,0.0022113323812384305,0.6258145793841582
223,B_11_Null.edgelist,Bacteria,11,Null,40602,106217,0.46472851299392537,2.5108402646473373,0.0001288664513871291,0.002792898337452795,0.665451618758537
224,B_49_Null.edgelist,Bacteria,49,Null,42792,110914,0.4572662832723723,2.6835395570392904,0.00012114384200426112,0.002323530082223301,0.6383363237143949
225,B_3_Woodland.edgelist,Bacteria,3,Woodland,38557,100010,0.45689553830726853,2.7191978869375766,0.00013454830031459387,0.0023188397335763677,0.6393030033988344
226,B_21_Null.edgelist,Bacteria,21,Null,41699,107929,0.4630533917871345,2.63017119378224,0.00012414444284659248,0.0028698548441228127,0.6516926685021552
227,B_6_Cropland.edgelist,Bacteria,6,Cropland,40673,104330,0.4554994888994799,2.7798896615196758,0.00012613553902869818,0.0016096871873431395,0.6260001679432234
228,B_9_Null.edgelist,Bacteria,9,Null,43851,115306,0.46084342369530845,2.64446164030069,0.00011993137224539812,0.002585480419509291,0.6430864542450953
229,B_37_Null.edgelist,Bacteria,37,Null,43013,110822,0.4621083642824131,2.651183791151888,0.00011980270059904528,0.0026600518672682968,0.6338046734552512
230,B_46_Woodland.edgelist,Bacteria,46,Woodland,35066,88190,0.4694779472981916,2.444447719612131,0.0001434462722101296,0.0038018104635340615,0.6536613319717319
231,B_29_Null.edgelist,Bacteria,29,Null,41491,106312,0.4632630345495958,2.626585673630975,0.00012351364749300041,0.002899685480245121,0.6616233420566048
232,B_13_Null.edgelist,Bacteria,13,Null,41865,105244,0.473662966190671,2.4447423115197724,0.00012009793063975918,0.0036546826317517423,0.6636622351764951
233,B_43_Null.edgelist,Bacteria,43,Null,44204,116306,0.45654422460387867,2.6123595424997625,0.00011904709434718978,0.002216234961009197,0.6471661478334965
234,B_39_Grassland.edgelist,Bacteria,39,Grassland,41667,106892,0.4599779212996691,2.6732205461705414,0.0001231405691403151,0.002307462725779388,0.6400464755100908
235,B_38_Woodland.edgelist,Bacteria,38,Woodland,37374,94358,0.4704900387114488,2.516919198689099,0.00013510803590532352,0.003280978874974704,0.6488943582163356
236,B_47_Woodland.edgelist,Bacteria,47,Woodland,31262,76079,0.47254576706617574,2.438711507142986,0.00015569517930302698,0.0035929174004153196,0.6572422880587487
237,B_48_Grassland.edgelist,Bacteria,48,Grassland,39366,99398,0.4619534557489582,2.752338749285408,0.0001282850647516083,0.0022818115544072015,0.6240353289689807
238,B_3_Cropland.edgelist,Bacteria,3,Cropland,42608,111044,0.45046796047054993,2.9323495340629946,0.000122335637041336,0.0015749125493774523,0.6245624911392531
239,B_22_Null.edgelist,Bacteria,22,Null,39977,102907,0.4686989594224713,2.563229646770728,0.00012878502797703838,0.003337620930236673,0.6529728577274919
240,B_28_Null.edgelist,Bacteria,28,Null,43101,112998,0.4594141615536636,2.7333976305909857,0.0001216567291277365,0.0024888240869308615,0.6438368749701594
241,B_47_Grassland.edgelist,Bacteria,47,Grassland,40921,105248,0.4607357831026542,2.7036884113281907,0.0001257077300531604,0.002298500193224179,0.6407206400611509
242,B_12_Null.edgelist,Bacteria,12,Null,42704,111417,0.46429643256009473,2.5159019370041005,0.00012219530319232386,0.0029366412281361695,0.6556024455622192
243,B_16_Null.edgelist,Bacteria,16,Null,43339,113669,0.4597917966797627,2.706201004134763,0.00012103870918312304,0.0022451917459878046,0.6298892127278076
244,B_41_Grassland.edgelist,Bacteria,41,Grassland,39974,102005,0.46294840180989927,2.6942494008542073,0.00012767536383952147,0.002265594209107508,0.6344463177833214
245,B_40_Null.edgelist,Bacteria,40,Null,42180,107511,0.46783271428651085,2.618013265080339,0.00012085929111238538,0.0031524199945252504,0.6583380493953112
246,B_8_Cropland.edgelist,Bacteria,8,Cropland,40808,104181,0.4570660995587375,2.831040124534757,0.00012512340053823058,0.0018235454589846005,0.6353105566751243
247,B_4_Grassland.edgelist,Bacteria,4,Grassland,40813,103839,0.4618407186904802,2.827383039112572,0.0001246820963159306,0.002309539830060264,0.6237810572946485
248,B_33_Null.edgelist,Bacteria,33,Null,42335,111042,0.45810200661572276,2.6715102794126415,0.00012391628973769362,0.002267561972298012,0.6473583874314455
249,B_45_Grassland.edgelist,Bacteria,45,Grassland,40873,103995,0.46246953791282164,2.716419580366468,0.00012450306700995345,0.002288003672169269,0.6431735525847134
250,B_45_Null.edgelist,Bacteria,45,Null,40952,100525,0.4713111533572927,2.512854307762427,0.00011988489008841173,0.0035449591161155745,0.6690678790768729
251,B_46_Cropland.edgelist,Bacteria,46,Cropland,40218,103377,0.4531656008785813,2.8586002170509044,0.00012782734821285114,0.0017737482678553973,0.6166397113993847
252,B_5_Cropland.edgelist,Bacteria,5,Cropland,42318,108209,0.4530020066817437,3.0204688516683356,0.00012085186963897825,0.0017405158657108287,0.6204813942616114
253,B_44_Woodland.edgelist,Bacteria,44,Woodland,35264,86946,0.47615714254455993,2.491133117785962,0.00013983914904817124,0.0043288868415059046,0.6666941619952885
254,B_30_Null.edgelist,Bacteria,30,Null,42141,102357,0.47347768730468903,2.5015967244550117,0.0001152784625781189,0.0035984513741958023,0.6643312284110955
255,B_10_Null.edgelist,Bacteria,10,Null,42865,103142,0.46696280628724257,2.5087858649952994,0.00011227162789223369,0.003024230069605079,0.6671744330002556
256,B_23_Null.edgelist,Bacteria,23,Null,43232,111869,0.46564959888569374,2.674878592754627,0.00011971240139192684,0.0029347778989248256,0.6335212325546364
257,B_9_Cropland.edgelist,Bacteria,9,Cropland,43362,110048,0.4512589712359221,2.915038509845787,0.0001170586618718312,0.001584660976524836,0.6276935885474418
258,B_49_Grassland.edgelist,Bacteria,49,Grassland,41984,106489,0.4678786846393966,2.6152791278431224,0.0001208307474773471,0.0030119076648707018,0.6559162246681606
259,B_42_Null.edgelist,Bacteria,42,Null,43439,113820,0.4634812289557803,2.59734512454995,0.00012064211354739696,0.003231254397257279,0.6629887921674157
260,B_47_Null.edgelist,Bacteria,47,Null,43664,103607,0.46376991241729476,2.6001230614468334,0.00010868810180763628,0.0026100268771576977,0.6667185098043997
261,B_41_Null.edgelist,Bacteria,41,Null,41684,110190,0.46005909282025875,2.716129576409579,0.00012683637552511428,0.0027404793412134387,0.6519695223977944
262,B_47_Cropland.edgelist,Bacteria,47,Cropland,39929,102270,0.45711691267503773,2.7832826390967385,0.00012829574739201354,0.0018780420105271862,0.6050407376283212
263,B_48_Null.edgelist,Bacteria,48,Null,45265,118707,0.46089535015077987,2.596200548031491,0.0001158752996815384,0.002509560226339202,0.6412545509991034
264,B_25_Null.edgelist,Bacteria,25,Null,42496,110750,0.4624080283940116,2.6055643594498004,0.0001226557305820529,0.002952663094205832,0.6564485700661727
265,B_6_Null.edgelist,Bacteria,6,Null,43632,113870,0.46099707953628344,2.7119841509794065,0.00011962970417888587,0.0026518563028464053,0.6389482702039255
266,B_38_Cropland.edgelist,Bacteria,38,Cropland,41666,107738,0.46062399586383895,2.7191266724254146,0.0001241211267036579,0.0024133963232988893,0.6303339547207492
267,B_45_Cropland.edgelist,Bacteria,45,Cropland,40854,104467,0.4562501874377572,2.7899431009595443,0.00012518450610467905,0.001759029116203454,0.6264701482388747
268,B_7_Grassland.edgelist,Bacteria,7,Grassland,40559,103821,0.4604917553383713,2.738146843009239,0.00012622675967158945,0.0022422333043896764,0.6264474879988159
269,B_6_Grassland.edgelist,Bacteria,6,Grassland,41451,105618,0.46277048041116897,2.7658060397093034,0.00012294429695486225,0.002410380893409057,0.61773979000027
270,B_4_Cropland.edgelist,Bacteria,4,Cropland,42220,109722,0.4511233882587147,2.9285147243049034,0.00012311119292941728,0.0017344345743208949,0.6131457449951118
271,B_7_Null.edgelist,Bacteria,7,Null,40114,105239,0.4594353792072359,2.6906679387075934,0.00013080537634247021,0.0024399239224487386,0.6344508090723677
272,B_44_Null.edgelist,Bacteria,44,Null,42096,111876,0.4574760693096943,2.6076639105525414,0.0001262686628212263,0.0026670818254341663,0.634130743470797
273,B_40_Cropland.edgelist,Bacteria,40,Cropland,41092,104488,0.46094244208540525,2.781464472126754,0.00012376345428605145,0.0023660976206483896,0.6310067954350097
274,B_2_Null.edgelist,Bacteria,2,Null,43466,113206,0.4585742926073892,2.6893445810225334,0.00011984228511372681,0.0025837530772422437,0.6552255486451114
275,B_48_Cropland.edgelist,Bacteria,48,Cropland,40640,104392,0.4585068243202384,2.792951342461655,0.0001264155509437523,0.0022898918666635275,0.6344614835028825
276,B_8_Null.edgelist,Bacteria,8,Null,42206,111014,0.45673319397883194,2.683571885977052,0.00012464350348508407,0.002491253448463329,0.6557302583462191
277,B_4_Null.edgelist,Bacteria,4,Null,43430,112986,0.462141163086618,2.629440560898763,0.0001198077661456237,0.002646731450553695,0.647680110197242
278,B_40_Grassland.edgelist,Bacteria,40,Grassland,39610,100669,0.455827290292705,2.793735395656134,0.00012832965591344104,0.002040744466899492,0.6148539159727506
279,B_8_Grassland.edgelist,Bacteria,8,Grassland,40315,101792,0.4649102988703503,2.699084347121038,0.00012526250356012508,0.0027778312610261015,0.6380467547059997
280,B_39_Cropland.edgelist,Bacteria,39,Cropland,42849,110428,0.45786543892608067,2.7425087607260266,0.00012029233525492572,0.0021301494836466536,0.6331842933781148
281,B_27_Null.edgelist,Bacteria,27,Null,43078,112828,0.46210891937839,2.570594285612285,0.00012160345194292485,0.0027128447226873334,0.6395546869653769
282,B_37_Cropland.edgelist,Bacteria,37,Cropland,41500,106196,0.45577115982273847,2.923138711718122,0.00012332536972149423,0.0017195008472117067,0.6246151596965913
283,B_44_Cropland.edgelist,Bacteria,44,Cropland,39884,102415,0.44992045571516803,2.7514020858820696,0.00012876772975354677,0.0016821817180357067,0.6264688267301136
284,B_3_Null.edgelist,Bacteria,3,Null,44026,115436,0.46292291883655257,2.6105402824148127,0.00011911396221318087,0.0027958134679163162,0.6439714570244252
285,B_41_Cropland.edgelist,Bacteria,41,Cropland,41367,107366,0.45517968322256663,2.8521359358224605,0.00012548713822226412,0.0017750211636642923,0.6101880066305801
286,B_38_Null.edgelist,Bacteria,38,Null,41307,105967,0.4712204188015985,2.4347389680358242,0.00012421208151336296,0.003507372945966864,0.6556840811193765
287,B_15_Null.edgelist,Bacteria,15,Null,43555,114631,0.46096804525704954,2.664909542936095,0.00012085538657368885,0.0022205468354016215,0.6356362683534671
288,B_46_Null.edgelist,Bacteria,46,Null,43299,112320,0.457725429296925,2.729891434397509,0.0001198233308679619,0.002119029393331345,0.6306740839728245
289,B_1_Null.edgelist,Bacteria,1,Null,39986,105538,0.4591489639247982,2.6389666044238407,0.00013201819586461364,0.0025909573401195563,0.6423689501300031
290,B_19_Null.edgelist,Bacteria,19,Null,43485,102311,0.46643963858052084,2.648364862153017,0.00010821397837414863,0.0027475422766902588,0.6692053168651714
291,B_5_Null.edgelist,Bacteria,5,Null,43454,111204,0.4713568042181037,2.5161549949027777,0.00011778795429332088,0.0036806344334724093,0.6507497748356358
292,B_9_Grassland.edgelist,Bacteria,9,Grassland,41576,106367,0.4624811880141868,2.6981430009981935,0.0001230727612292165,0.0019982199881661213,0.6494193678701269
293,B_35_Null.edgelist,Bacteria,35,Null,43678,113193,0.46344709373720394,2.5923070802936685,0.00011866810885012264,0.0028472480198749755,0.650030348513156
294,B_36_Grassland.edgelist,Bacteria,36,Grassland,40875,104341,0.4559309132468233,2.766334865153581,0.00012490507487843226,0.0018068430859580452,0.6359200841897595
295,B_46_Grassland.edgelist,Bacteria,46,Grassland,38469,97278,0.45795279326740523,2.7286035953758256,0.00013147225875738598,0.002077871063287903,0.6415807975752321
296,B_24_Null.edgelist,Bacteria,24,Null,43700,114908,0.46039759290768945,2.693282491108432,0.00012034479892951904,0.0024663646803234954,0.6368130523482514
297,B_17_Null.edgelist,Bacteria,17,Null,46562,120300,0.46309484641179044,2.6444170726639054,0.00011097922746448312,0.0030697175815512464,0.6510467502406253
298,B_14_Null.edgelist,Bacteria,14,Null,43147,113582,0.45642559437068597,2.725157083066054,0.00012202487275840868,0.001918427907488569,0.6282254730421966
299,B_44_Grassland.edgelist,Bacteria,44,Grassland,42838,110335,0.46127756652459323,2.7597587639460386,0.00012025276200900063,0.0021589385553623004,0.6141501652365462
300,B_31_Null.edgelist,Bacteria,31,Null,41822,108556,0.45863749145464344,2.5707883526651756,0.00012413224705824007,0.0028333185738379234,0.6386654865017634
301,B_26_Null.edgelist,Bacteria,26,Null,42225,109826,0.4640113794487516,2.648802594681813,0.0001231987016270718,0.0030136728609197545,0.6348429737684278
302,B_49_Cropland.edgelist,Bacteria,49,Cropland,42008,108247,0.45555540735698996,2.9457572358157766,0.0001226852049039337,0.0018631663782587486,0.614109968848645
303,B_39_Null.edgelist,Bacteria,39,Null,43216,113578,0.4596957540225363,2.6661411093709617,0.00012163123834775135,0.0022924894072154423,0.6489517548083303
304,B_37_Grassland.edgelist,Bacteria,37,Grassland,41544,106641,0.461126187742478,2.678702729388868,0.0001235799568891701,0.0021180543999723776,0.6322953564651481
305,B_42_Cropland.edgelist,Bacteria,42,Cropland,41671,105934,0.45970374022327143,2.785477387673496,0.00012201351649781194,0.0020841808280032464,0.6360816438194556
306,B_5_Grassland.edgelist,Bacteria,5,Grassland,40557,103223,0.4611982329338712,2.736328256895304,0.00012551208249954185,0.0019533278539122243,0.621869438907427
307,B_20_Null.edgelist,Bacteria,20,Null,42168,107979,0.47296022673647037,2.5836511931938126,0.00012145449418341864,0.003975401535162448,0.6518136511369818
308,B_34_Null.edgelist,Bacteria,34,Null,42117,110738,0.45635040813750066,2.7098182488455356,0.00012485965353474559,0.0023183847886462067,0.6209677108389424
309,B_3_Grassland.edgelist,Bacteria,3,Grassland,40889,103888,0.4601595412266072,2.760507775107165,0.000124277647538208,0.0023573205064559787,0.6298865771894385
310,B_0_Null.edgelist,Bacteria,0,Null,43159,113717,0.459907536139865,2.62009886009437,0.00012210197970186575,0.0025693359702488776,0.6398098561130284
311,B_35_Woodland.edgelist,Bacteria,35,Woodland,37157,96839,0.4548541512310441,2.744599675980428,0.00014028482511642797,0.0019852341622129403,0.6398547071262319
312,B_27_Woodland.edgelist,Bacteria,27,Woodland,28760,68021,0.4669686706609849,2.462021704422842,0.00016447895781164664,0.002719794307068309,0.6343441306051815
313,B_28_Woodland.edgelist,Bacteria,28,Woodland,28802,69745,0.472510110070389,2.514241185056338,0.00016815619088637518,0.004046444166053909,0.6450492758204558
314,B_34_Woodland.edgelist,Bacteria,34,Woodland,34060,84654,0.466011215977353,2.4564170388792186,0.00014594893938753685,0.0034954441482281597,0.648747692885992
315,B_36_Null.edgelist,Bacteria,36,Null,40904,104746,0.4633716964838088,2.6470830736013244,0.0001252121581390468,0.002833086926329642,0.6407136832453062
316,B_32_Woodland.edgelist,Bacteria,32,Woodland,32069,78720,0.4723314835590166,2.4630737149334583,0.00015309386540784717,0.0038153904192757874,0.6533866470802494
317,B_2_Cropland.edgelist,Bacteria,2,Cropland,41967,109422,0.45039337544515595,2.9486977545592112,0.00012425936873276773,0.0014850613785491326,0.6270210733601279
318,B_24_Woodland.edgelist,Bacteria,24,Woodland,33485,86199,0.4555666599234179,2.648800578916521,0.0001537604306569248,0.002156475250397914,0.6350202161015048
319,B_33_Grassland.edgelist,Bacteria,33,Grassland,40563,104824,0.4568659109201063,2.7706216101512573,0.00012742108401488827,0.0017756572523231942,0.6306365144827341
320,B_32_Grassland.edgelist,Bacteria,32,Grassland,40870,103813,0.4656325810020266,2.7173996671755587,0.00012430342298756482,0.0023085925710100053,0.6394141798200845
321,B_30_Woodland.edgelist,Bacteria,30,Woodland,32040,78812,0.4711798964495803,2.4996064448450954,0.00015355037608463998,0.0036257604235132306,0.6447577655848892
322,B_2_Woodland.edgelist,Bacteria,2,Woodland,30459,75472,0.4722027359574653,2.3602691178591124,0.00016270422528312636,0.004422463040605452,0.6493240856447844
323,B_30_Cropland.edgelist,Bacteria,30,Cropland,41214,106488,0.44995340902022773,2.7406595034689367,0.00012538675708774732,0.0016989696273434943,0.6397070326033071
324,B_25_Woodland.edgelist,Bacteria,25,Woodland,36798,92493,0.4679562946923903,2.464196580654582,0.00013661621024559008,0.003358340513892447,0.6536310108561649
325,B_17_Woodland.edgelist,Bacteria,17,Woodland,34374,86866,0.4582230427009513,2.5927075787392146,0.00014703892149501996,0.002897806860103947,0.6606586421716205
326,B_29_Woodland.edgelist,Bacteria,29,Woodland,29673,73994,0.4569281658353259,2.7310666674771538,0.00016808084548286124,0.0028140368601393866,0.6384521779764277
327,B_22_Woodland.edgelist,Bacteria,22,Woodland,34230,86960,0.45631171522537406,2.623560221681285,0.0001484391354352373,0.0022740798332384782,0.6360246248671821
328,B_31_Grassland.edgelist,Bacteria,31,Grassland,40458,102281,0.4638136333907273,2.6661989591596327,0.00012497607341926977,0.002882834041072213,0.6404140639460704
329,B_34_Cropland.edgelist,Bacteria,34,Cropland,40955,105007,0.4544003797624859,2.892191787461045,0.00012521172263467228,0.0013394557259775277,0.6009648797098835
330,B_18_Woodland.edgelist,Bacteria,18,Woodland,33853,79106,0.46391241365274544,2.5199750965747785,0.00013805683956421061,0.002319483852139759,0.6520805161431432
331,B_23_Woodland.edgelist,Bacteria,23,Woodland,31768,78292,0.47483684430592804,2.4518459558972254,0.00015516054843962417,0.004270831822141297,0.6598340989582663
332,B_28_Grassland.edgelist,Bacteria,28,Grassland,40012,101441,0.46283825424760966,2.768162945432933,0.00012672837073173865,0.002118673699699399,0.6167571759952681
333,B_11_Woodland.edgelist,Bacteria,11,Woodland,29774,69880,0.469560516628899,2.4964430269060975,0.00015766057659220864,0.003064596758216145,0.6641423362168409
334,B_31_Woodland.edgelist,Bacteria,31,Woodland,35524,84331,0.46755917835045335,2.5144577625411744,0.00013365516570392505,0.003084685710516142,0.6676500650449522
335,B_0_Woodland.edgelist,Bacteria,0,Woodland,32168,77199,0.4676804080188953,2.4683656482269343,0.00014921313367512138,0.003453442299500495,0.6547738395094276
336,B_26_Grassland.edgelist,Bacteria,26,Grassland,40061,102710,0.4562452666865176,2.7824741719701223,0.0001280000071782693,0.0019137824197608129,0.6278811285622679
337,B_33_Woodland.edgelist,Bacteria,33,Woodland,38984,102530,0.4550048200501879,2.6265427995814723,0.00013493334813752947,0.0021570491494049978,0.6425053983764519
338,B_16_Woodland.edgelist,Bacteria,16,Woodland,32164,80385,0.4696989483297348,2.4293729525650303,0.00015540980216340885,0.004066479610566164,0.6674109379907559
339,B_1_Woodland.edgelist,Bacteria,1,Woodland,34007,84315,0.47536089503472345,2.539873916136992,0.00014581794320480093,0.004414137435280101,0.6462921443598705
340,B_35_Cropland.edgelist,Bacteria,35,Cropland,40636,104788,0.4532978910773697,2.7562270541917417,0.00012692007829782331,0.0017152261012385159,0.6318074773774675
341,B_26_Woodland.edgelist,Bacteria,26,Woodland,32388,78916,0.474102562452308,2.51332180172725,0.0001504666347559035,0.003919119677270846,0.6506098395846498
342,B_15_Woodland.edgelist,Bacteria,15,Woodland,30676,72993,0.4716148066259464,2.4515659239672245,0.00015514147230411324,0.0033025618670748497,0.6668981284143883
343,B_32_Cropland.edgelist,Bacteria,32,Cropland,42034,108007,0.45405495070479646,2.948290792362824,0.00012226180165102752,0.0016971123170866369,0.6196135130762842
344,B_24_Grassland.edgelist,Bacteria,24,Grassland,40951,104622,0.4585729229907712,2.6832459377207973,0.00012477701618381944,0.002274733154320964,0.6538168536035822
345,B_28_Cropland.edgelist,Bacteria,28,Cropland,39443,101834,0.45611280382524294,2.905817877310547,0.00013091636261347664,0.0018315481249335278,0.624545378665605
346,B_14_Cropland.edgelist,Bacteria,14,Cropland,41488,108817,0.4535047994133751,2.8876331455466593,0.0001264422494462532,0.0016952167417362313,0.6153003066667059
347,B_1_Grassland.edgelist,Bacteria,1,Grassland,40725,103405,0.46395016075848183,2.7538529895569144,0.00012469815070369347,0.002179376997056562,0.6422483885720676
348,B_21_Woodland.edgelist,Bacteria,21,Woodland,33032,81411,0.4736220205421476,2.395462344799372,0.0001492301217086199,0.0039554480596500335,0.6602682514306912
349,B_29_Grassland.edgelist,Bacteria,29,Grassland,40778,104026,0.46385109458747353,2.7092038683710418,0.0001251211427737134,0.002635287802534844,0.6343770931884694
350,B_34_Grassland.edgelist,Bacteria,34,Grassland,42594,108622,0.4620085348683387,2.765833235403453,0.00011974603271153335,0.001925413596071443,0.6149682028071506
351,B_26_Cropland.edgelist,Bacteria,26,Cropland,38975,98516,0.45892813208398836,2.880218216891226,0.00012971065758448922,0.0019915999975993297,0.6251072724688712
352,B_13_Woodland.edgelist,Bacteria,13,Woodland,35454,91116,0.4581947935929085,2.6567438109993216,0.00014497943754613338,0.002145335594311744,0.634715701059506
353,B_23_Grassland.edgelist,Bacteria,23,Grassland,41079,104409,0.46404705497348003,2.701878641409315,0.00012374816805829696,0.002830685358254192,0.6572605576796684
354,B_30_Grassland.edgelist,Bacteria,30,Grassland,38884,98820,0.4606875490041223,2.6763199979000043,0.0001307206339647558,0.002233751486657576,0.6334880268615565
355,B_10_Cropland.edgelist,Bacteria,10,Cropland,42658,110254,0.44846932914415916,2.9401193080492374,0.0001211807263759411,0.00130990318176779,0.6205994637667618
356,B_18_Cropland.edgelist,Bacteria,18,Cropland,41630,107821,0.45111897547826124,3.037394411417968,0.0001244316791276744,0.0014934082385439696,0.6122393403657194
357,B_10_Woodland.edgelist,Bacteria,10,Woodland,33383,78856,0.4648163477109157,2.525790065702469,0.00014152299928298255,0.002880826615961271,0.6670632927961522
358,B_36_Cropland.edgelist,Bacteria,36,Cropland,43403,109383,0.4651898707180292,2.7178093105994736,0.00011613157996047861,0.0025157915706956165,0.6298937947332702
359,B_27_Cropland.edgelist,Bacteria,27,Cropland,41876,108214,0.45455328601402706,2.991469284582912,0.00012342224306873312,0.0012814120692141628,0.6127976093125468
360,B_13_Cropland.edgelist,Bacteria,13,Cropland,42559,109593,0.4557500115513767,3.0155852318902485,0.0001210152733227059,0.001808860380490366,0.6145885987031278
361,B_33_Cropland.edgelist,Bacteria,33,Cropland,43537,113804,0.45603883690242814,2.7362950003864883,0.00012008271496285329,0.00201495197016249,0.6164092540363304
362,B_1_Cropland.edgelist,Bacteria,1,Cropland,43271,111026,0.45566352290347706,2.8179094259552757,0.00011859622409580433,0.0017350522238322504,0.6284609564361929
363,B_31_Cropland.edgelist,Bacteria,31,Cropland,43045,110502,0.4553080876216831,2.8858642603916955,0.00011927922241371678,0.001456980056120504,0.6155826814596972
364,B_35_Grassland.edgelist,Bacteria,35,Grassland,41784,106886,0.4637568965278701,2.708053057277063,0.000122445037533323,0.0024867325592483626,0.632221452766723
365,B_20_Woodland.edgelist,Bacteria,20,Woodland,36967,90427,0.4700930889447013,2.4648131675105076,0.0001323461926363165,0.0033258552762434604,0.6624364745112716
366,B_29_Cropland.edgelist,Bacteria,29,Cropland,42936,110792,0.45489895326106716,2.7908665260222265,0.00012020024376373357,0.0018418814638770046,0.6398081906507224
367,B_19_Woodland.edgelist,Bacteria,19,Woodland,30172,75273,0.4674668850848358,2.424471585364808,0.0001653771171035953,0.003455096982208218,0.6404067925211097
368,B_16_Cropland.edgelist,Bacteria,16,Cropland,40514,104107,0.45154201257787185,2.8456973096022193,0.00012685582080304374,0.001785225437543169,0.6172687325993276
369,B_25_Cropland.edgelist,Bacteria,25,Cropland,40917,103998,0.46318274488411654,2.690014805825258,0.00012423902343783907,0.0027470239215968417,0.6486555788701307
370,B_17_Cropland.edgelist,Bacteria,17,Cropland,40183,103263,0.4622560544628714,2.7167762052840994,0.00012790891853434863,0.002479091887548212,0.620098416831467
371,B_11_Cropland.edgelist,Bacteria,11,Cropland,40699,101669,0.4652880753862604,2.676160852095527,0.00012276137430245856,0.002267840215947056,0.6419865393876579
372,B_13_Grassland.edgelist,Bacteria,13,Grassland,40133,101942,0.4622076496737363,2.660839466225215,0.00012658746903662833,0.0024052091951327088,0.6427443826810937
373,B_21_Grassland.edgelist,Bacteria,21,Grassland,41446,105969,0.4612263170886118,2.714711095921292,0.0001233826418545407,0.002495374185106167,0.6481152008669024
374,B_23_Cropland.edgelist,Bacteria,23,Cropland,40351,101400,0.46650394266240114,2.6656242095193363,0.00012455756498804771,0.002900821583753852,0.63642955191264
375,B_24_Cropland.edgelist,Bacteria,24,Cropland,40646,105454,0.45293763573235635,2.9001262480905092,0.00012766390150526738,0.0014220945013643078,0.6093337374172964
376,B_21_Cropland.edgelist,Bacteria,21,Cropland,43106,110613,0.45012240891075866,3.0223253475610923,0.00011906134734598912,0.0012902922149894823,0.6188552602866833
377,B_10_Grassland.edgelist,Bacteria,10,Grassland,41359,106654,0.4608757276033506,2.76975111628881,0.0001247031963314956,0.0018713013211124232,0.6087201488952484
378,B_25_Grassland.edgelist,Bacteria,25,Grassland,39509,101125,0.4580486092214874,2.7132908942845972,0.00012957089172703162,0.001745060027982919,0.6071034047071232
379,B_12_Grassland.edgelist,Bacteria,12,Grassland,39432,99953,0.46125967401754797,2.7086498353462263,0.00012856987831863625,0.0020280961965380836,0.6259113007566188
380,B_18_Grassland.edgelist,Bacteria,18,Grassland,41904,107558,0.4623008290120921,2.6675104762260395,0.00012251016245022037,0.0024801311814484843,0.6257296095841174
381,B_12_Cropland.edgelist,Bacteria,12,Cropland,40758,104099,0.45436651583221427,2.8181974234669576,0.0001253318582607123,0.0017368340531891365,0.6258397282254109
382,B_22_Cropland.edgelist,Bacteria,22,Cropland,39932,101572,0.45432678667330023,2.966768346538719,0.00012740097473510934,0.0019577483149010723,0.6284617227608535
383,B_17_Grassland.edgelist,Bacteria,17,Grassland,40457,103443,0.4585845188623447,2.7590900763209834,0.00012640215750592295,0.0019250739620515032,0.6339344767828343
384,B_14_Grassland.edgelist,Bacteria,14,Grassland,41086,104941,0.46571793810288376,2.665244975926831,0.00012433632902951155,0.0029507937907392733,0.6362153488201915
385,B_0_Cropland.edgelist,Bacteria,0,Cropland,39396,102665,0.4517160848076551,2.9007796351639037,0.00013229979570561037,0.0014356686341151894,0.602324361644136
386,B_0_Grassland.edgelist,Bacteria,0,Grassland,39455,99600,0.46302782280519744,2.686548378138167,0.0001279664865536227,0.002542951358214118,0.6249976026405765
387,B_11_Grassland.edgelist,Bacteria,11,Grassland,41523,105365,0.46358560073879596,2.750573596178776,0.00012222481249349006,0.0022061819403052033,0.6162641140649945
388,B_12_Woodland.edgelist,Bacteria,12,Woodland,32782,77886,0.4660793940173181,2.5166948581296333,0.00014495451668184895,0.0024882698100066342,0.6591655461136932
389,B_20_Grassland.edgelist,Bacteria,20,Grassland,43139,112075,0.4615331488257005,2.7148191344665937,0.00012045051564433168,0.0022925183128247716,0.6378268513189237
390,B_19_Cropland.edgelist,Bacteria,19,Cropland,42992,112221,0.4523927034652041,2.726726981665362,0.00012143361775627872,0.001669748190031046,0.622657698074257
391,B_22_Grassland.edgelist,Bacteria,22,Grassland,39605,100503,0.4659029357280262,2.6973190908642195,0.00012815039577335124,0.0024604840095308546,0.6398444392378901
392,B_15_Grassland.edgelist,Bacteria,15,Grassland,41446,104749,0.46410217086259625,2.696100638012574,0.00012196216206269082,0.002332652227696389,0.6450263782063853
393,B_27_Grassland.edgelist,Bacteria,27,Grassland,40527,103017,0.4625951423495653,2.6623383957761995,0.00012544712067769342,0.0022843476096862827,0.6458193651104829
394,B_16_Grassland.edgelist,Bacteria,16,Grassland,39868,100604,0.4580863785730586,2.739621129490028,0.0001265922848533076,0.0020573545380408106,0.642204658006363
395,B_2_Grassland.edgelist,Bacteria,2,Grassland,41309,105720,0.46176016043294627,2.6954332406536614,0.00012391055436698287,0.0023352541466027726,0.635105368395334
396,B_19_Grassland.edgelist,Bacteria,19,Grassland,40247,102948,0.4631887285553223,2.7470359831326356,0.00012711349883287476,0.0023743531048423423,0.6440213650360926
397,B_20_Cropland.edgelist,Bacteria,20,Cropland,42178,105255,0.4684636385676025,2.6949421820955592,0.00011833441363304724,0.0027949129301451316,0.6373613231197323
398,B_15_Cropland.edgelist,Bacteria,15,Cropland,43322,113636,0.4502612818685137,2.9162293027128747,0.00012109855546301425,0.0015830497260255925,0.6119642942303396
399,B_14_Woodland.edgelist,Bacteria,14,Woodland,34238,84893,0.4726534243045209,2.486795749519219,0.00014484309173788971,0.0036563756874522725,0.6476742076885642
